name,thesis_title,first_advisor,advisors,doi,year
"Bastard, C.",Hydrogel systems with temporally controlled and sequential delivery of bioactive factors to induce cell growth,"De Laporte, L.","De Laporte, L.; Wessling, M.",10.18154/RWTH-2026-02246,2026
"Stabilisierung und KOH Aktivierung Fischer, T.",Polyacrylonitrile-based carbon nanofibers for gas adsorption and separation - impacts of thermal stabilization and KOH activation,"Eichel, R.-A.","Eichel, R.-A.; Wessling, M.",10.18154/RWTH-2026-00958,2026
"Prozessentwicklung bis zur Klimapolitik Wagner, H.",Life cycle assessment for a sustainable chemical industry from early-stage development to climate policy,"Bardow, A.","Bardow, A.; Wessling, M.",10.18154/RWTH-2026-00168,2026
"Elektrolyseuranwendungen Klinger, A.",Structure property relationships of membranes and electrodes for industrial electrolyzer applications,"Eichel, R.-A.","Eichel, R.-A.; Wessling, M.",10.18154/RWTH-2025-10986,2026
"CO_{2}}$ in wässrigen Elektrolyten Theussl, V.",Degradation and failure mechanisms of gas diffusion electrodes for electroreduction of $\mathrm{CO_{2}}$ in aqueous electrolytes,"Eichel, R.-A.","Eichel, R.-A.; Wessling, M.",10.18154/RWTH-2025-10913,2026
"Mikro- und Nanoskalenanalyse Borowec, J. M.",Mechanics and electrics of electrolyzer materials - a micro- and nanoscale analysis,"Hausen, F.","Hausen, F.; Wessling, M.; Mayer, J.",10.18154/RWTH-2025-06489,2025
"Selmert, V. O.",Investigation of polyacrylonitrile-based carbon nanofibers as adsorbents for the separation of carbon dioxide using dynamic gas adsorption,"Eichel, R.-A.","Eichel, R.-A.; Wessling, M.",10.18154/RWTH-2025-05853,2025
"Flusszellen für die CO$_{2}$-to-CO Elektrolyse Quentmeier, M.",Stacking of various flow-cells for the CO$_{2}$-to-CO electrolysis,"Eichel, R.-A.","Eichel, R.-A.; Wessling, M.",10.18154/RWTH-2025-02306,2025
"Hochtemperaturelektrolyse Wolf, S. E.",Electrochemical analysis and development of novel electrode materials for high-temperature electrolysis,"Eichel, R.-A.","Eichel, R.-A.; Wessling, M.; Mayer, J.",10.18154/RWTH-2025-01207,2025
"Synthese von funktionellen Mikrogelen Kaven, L. F.",In-silico and in-situ optimization for enhanced synthesis of functional microgels,"Mitsos, A.","Mitsos, A.; Wessling, M.",10.18154/RWTH-2024-06268,2024
"Hochtemperaturelektrolyse von H$_2$O und CO$_2$. Nohl, M.",Modellierung der,"Eichel, R.-A.","Eichel, R.-A.; Mayer, J.; Wessling, M.",10.18154/RWTH-2024-03829,2024
"Magnetresonanz-Spektroskopie Schatz, M.",Investigations of local reaction conditions during electrochemical $\mathrm{CO_2}$ reduction by $in$ $operando$ magnetic resonance spectroscopy,"Granwehr, J.","Granwehr, J.; Wessling, M.; Eichel, R.-A.",10.18154/RWTH-2023-11214,2024
"ProbioPads"" Khalfallah, G.","A new approach to harness probiotics against common skin pathogens: towards living drug release systems - ""","Möller, M.","Möller, M.; Wessling, M.; Lütticken, R.",10.18154/RWTH-2023-03067,2023
"Kunststoffe auf Basis der Lebenszyklusoptimierung Meys, R.",Designing pathways for net-zero greenhouse gas emission plastics with life cycle optimization,"Bardow, A.","Bardow, A.; Wessling, M.",10.18154/RWTH-2022-09465,2022
"Koch, S. C.",Einsatz atomistischer Simulationen zur Bewertung des Medieneinflusses auf die Eigenschaften thermoplastischer Kunststoffe,"Hopmann, C.","Hopmann, C.; Wessling, M.",,2022
"Anwendung in künstlichen Lungen Hesselmann, F.",Application of three-dimensional membranes for artificial lung technology,"Steinseifer, U.","Steinseifer, U.; Wessling, M.",,2022
"Kohlendioxidabscheidung und -nutzung Kretzschmar, A. K. G.",Gas adsorption properties of electrospun carbon nanofibers for carbon dioxide capture and utilization,"Eichel, R.-A.","Eichel, R.-A.; Wessling, M.",10.18154/RWTH-2021-11972,2022
"Herstellung über Hochtemperatur-Ko-Elektrolyse Dittrich, L.",Tailoring of the synthesis gas composition during high-temperature co-electrolysis,"Eichel, R.-A.","Eichel, R.-A.; Wessling, M.",10.18154/RWTH-2021-10335,2021
"Borgardt, E.",Mechanische Eigenschaften von katalysatorbeschichteten Membranen für die Polymer-Elektrolyt-Membran Elektrolyse,"Lehnert, W.","Lehnert, W.; Wessling, M.",10.18154/RWTH-2021-04026,2021
"Tissue Engineering Anwendungen Omidinia Anarkoli, A.",Fiber spinning for tissue engineering applications,"De Laporte, L.","De Laporte, L.; Wessling, M.",10.18154/RWTH-2020-11494,2020
"Nutzung von Strom aus erneuerbaren Energiequellen Brée, L. C.",Model-based optimization of electrochemical systems for the use of electricity from renewable energy sources,"Mitsos, A.","Mitsos, A.; Wessling, M.",10.18154/RWTH-2020-09276,2020
"Leonards, H.",Direktinitiierung von Thiol-En Photopolymeren in der Stereolithographie,"Poprawe, R.","Poprawe, R.; Wessling, M.",,2020
"Leistung von Filtereinheiten und Membranadsorbern Velali, E.",Model-based performance analysis of filtration devices and membrane adsorbers,"Wiechert, W.","Wiechert, W.; Wessling, M.",10.18154/RWTH-2019-06421,2019
"Polybenzimidazol-Membranen Lin, Y.",Characterization of phosphoric acid doped polybenzimidazole membranes,"Lehnert, W.","Lehnert, W.; Wessling, M.",10.18154/RWTH-2018-230751,2018
"Reformierung von Methan Pegios, N.",Ni-based catalysts for the dry reforming of methane,"Palkovits, R.","Palkovits, R.; Wessling, M.",10.18154/RWTH-2018-226185,2018
"Tjarks, G. H.",PEM-Elektrolyse-Systeme zur Anwendung in Power-to-Gas Anlagen,"Stolten, D.","Stolten, D.; Wessling, M.",10.18154/RWTH-2017-04470,2017
"Johannink, M.",Model-based and experimental analysis of transient electrodialysis processes,"Marquardt, W.","Marquardt, W.; Wessling, M.",,2016
"Faser, Gerüststrukturen und Röhren Torres Rendon, J. G.","Cellulose nanofibril- and chitin nanofibril-based materials: fibers, scaffolds and tubes","Möller, M.","Möller, M.; Pich, A.",,2016
"Wittka, T.","Kombinierte, reformerbasierte Abgasnachbehandlung nach den Verfahren des NOx-Speicherkatalysators und der passiven selektiven katalytischen Reduktion","Pischinger, S.","Pischinger, S.; Wessling, M.",,2015
"SOFC-Systemen Haag, F.",Kohlenstoffbildung und -detektion in erdgasbetriebenen,"Stolten, D.","Stolten, D.; Wessling, M.",,2015
"Wärmeaustausch in einem Membranoxygenator Borchardt, R.","Einfluss intern erzeugter, pulsierender Strömung auf Gas- und","Steinseifer, U.","Steinseifer, U.; Wessling, M.",,2015
"Betrieb von Direktmethanol-Brennstoffzellen Hürter, S. A.",Einfluss neuer Membranmaterialien auf Herstellung und,"Stolten, D.","Stolten, D.; Wessling, M.",,2014
"Beschichtungen von Stimulationselektroden Wessling, B.",Sputter deposition of Iridium and Iridium Oxide for stimulation electrode coatings,"Mokwa, W.","Mokwa, W.",,2007
"Analyse von Fetuin-B Wessling, J.",Gene deletion and functional analysis of Fetuin-B,"Jahnen-Dechent, W.","Jahnen-Dechent, W.",,2007
