name,graduate_date,thesis_title,topics,institution,record_url,doi,thesis_pdf,linkedin,orcid,image,summary
Florian Wiesner,2026-02-18,Two-phase flow simulations in gas diffusion electrodes,electrochemistry; simulation; gas diffusion electrodes; modeling,RWTH,https://publications.rwth-aachen.de/record/1028896,10.18154/RWTH-2026-01948,https://publications.rwth-aachen.de/record/1028896/files/1028896.pdf,https://www.linkedin.com/in/florian-wiesner-profile/,https://orcid.org/0000-0002-4898-004X,/images/graduates/florian-wiesner.jpg,"This thesis advances the fundamental understanding and predictive modeling of two-phase flow phenomena in GDEs through the development of novel computational frameworks spanning from detailed morphological simulations to novel, generalizable machine learning approaches. Applied to both stochastically reconstructed and μ-CT scanned…"
Sebastian Brosch,2026-02-03,Wettability and reaction visualization of electrochemical CO₂ reduction at gas diffusion electrodes,electrochemistry; visualization; CO2 reduction; gas diffusion electrodes,RWTH,https://publications.rwth-aachen.de/record/1028159,10.18154/RWTH-2026-01499,https://publications.rwth-aachen.de/record/1028159/files/1028159.pdf,https://www.linkedin.com/in/sebastian-brosch-279689200/,https://orcid.org/0000-0002-2001-6283,/images/graduates/sebastian-brosch.jpg,"The location and morphology of the TPB is defined by the wettability of the CL. Overall, it could be shown that the primary reaction location in ecCO2RR is in fact at the TPB, however, the active area for CO2 reduction is far larger than previously assumed for GDEs."
Wibke Victoria Zängler,2025-11-18,Electrochemical hydrogen compression toward operation in hydrogen distribution systems,hydrogen; electrochemistry; modeling,RWTH,https://publications.rwth-aachen.de/record/1023118,10.18154/RWTH-2025-10510,https://publications.rwth-aachen.de/record/1023118/files/1023118.pdf,https://www.linkedin.com/in/wibke-zaengler/,,,"This thesis aims to advance electrochemical hydrogen compression applicability in natural gas mixtures by increasing process robustness against impurities and reducing costs through innovative reactor design. With impurity/hydrogen mixtures, the high-temperature EHC demonstrated stable operation, minimal potential increase, and higher…"
Maike Wrobel,2025-10-22,Scaling up CO₂ electrolysis with bipolar membranes,CO2 reduction; membranes; bipolar membranes; electrochemistry,RWTH,https://publications.rwth-aachen.de/record/1028636,10.18154/RWTH-2026-01776,https://publications.rwth-aachen.de/record/1028636/files/1028636.pdf,https://www.linkedin.com/in/maike-wrobel-4b876b184/,,,"This thesis examines the feasibility of scaling up CO2 electrolysis to industrial levels in a bipolar membrane (BPM) reactor. Overall, this thesis concludes that industrial-scale CO2 electrolysis in BPM-based systems is achievable with appropriate electrode engineering, membrane optimization, and advanced simulation tools."
Siqi Wang,2025-10-17,Porous conductive polymer PEDOT:PSS for electrochemical applications,electrochemistry; polyelectrolytes; polymers; porous media,RWTH,https://publications.rwth-aachen.de/record/1021247,10.18154/RWTH-2025-09528,https://publications.rwth-aachen.de/record/1021247/files/1021247.pdf,,https://orcid.org/0000-0002-1502-4238,,"This thesis aims to design, fabricate, and apply the porous PEDOT:PSS structures as advanced electrode materials, focusing on enhancing ion transport, surface area, and overall device performance across diverse electrochemical systems. A systematic investigation of the interplay between pore architecture, ionic/electronic conductivity,…"
Simon Wennemaring,2025-09-22,Visualizing local transport processes in opaque membrane modules with magnetic resonance imaging,membranes; MRI; visualization; filtration,RWTH,https://publications.rwth-aachen.de/record/1019577,10.18154/RWTH-2025-08440,https://publications.rwth-aachen.de/record/1019577/files/1019577.pdf,https://www.linkedin.com/in/simon-wennemaring-b95181177/,,,"Experiments with multichannel membrane modules revealed that particle deposition occurs mainly in the outer channels, reducing the contribution of the inner channels to the filtration process. The research underscores the importance of understanding the behavior of individual membranes in order to explain overall module performance."
Clara Berinike Bräsel,2025-07-28,Multidimensional filtration dynamics based on numerical insights from single-pore to multi-pore simulations,simulation; filtration; membranes; fouling,RWTH,https://publications.rwth-aachen.de/record/1016404,10.18154/RWTH-2025-06910,https://publications.rwth-aachen.de/record/1016404/files/1016404.pdf,https://www.linkedin.com/in/berinike-bräsel-684a511a1/,,,"This thesis's findings contribute to a comprehensive understanding of fouling phenomena, narrowing the gap between pore-scale events and the macroscopic filtration process."
Maria Adelaida Restrepo Toro,2025-07-18,Fabrication and modification of functional and enzymatically active hollow fiber membranes,membranes; hollow fiber membranes; filtration; fouling,RWTH,https://publications.rwth-aachen.de/record/1023806,10.18154/RWTH-2025-10754,https://publications.rwth-aachen.de/record/1023806/files/1023806.pdf,https://www.linkedin.com/in/maria-adelaida-restrepo-59b558197/,https://orcid.org/0000-0001-7581-2802,,"This thesis explores innovative techniques for fabricating biocatalytic hollow fiber membranes by directly integrating enzymes and functional materials into the structure, enhancing enzyme stability and introducing new functionalities beneficial to separation processes. The third method is fabricating low-fouling and self-cleaning hollow…"
Jonas Frederik Bäßler,2025-05-21,Selective methanol oxidation for paired electrolysis,electrochemistry; biomass valorization; CO2 reduction,RWTH,https://publications.rwth-aachen.de/record/1012205,10.18154/RWTH-2025-04916,https://publications.rwth-aachen.de/record/1012205/files/1012205.pdf,https://www.linkedin.com/in/jonas-baessler-0365a3225/,,,"This thesis explores selective methanol oxidation as a less energy-intensive alternative to OER for paired electrolysis, which yield value-added products from both anodic and cathodic reactions.Two paired processes were studied in electrochemical flow cells: Methanol oxidation to formaldehyde at platinum paired with CO2 reduction, and…"
Lucas Maximilian Stüwe,2025-03-19,Fabrication of polymer particles as model colloids in soft matter filtration,filtration; polymers; membranes; fouling,RWTH,https://publications.rwth-aachen.de/record/1009830,10.18154/RWTH-2025-03701,https://publications.rwth-aachen.de/record/1009830/files/1009830.pdf,https://www.linkedin.com/in/lucas-stüwe-7a7b2215b/,https://orcid.org/0000-0002-6077-9509,,"The present thesis provides two experimental approaches for filtration investigations in simplified environments on different size scales, starting with microfluidic investigations of particle properties on the hydraulic resistance of a filter cake by precisely controlling particle softness, shape, porosity, quantity and dispersity.…"
Jan Frauholz,2025-03-12,Thermoresponsive draw solutions for forward osmosis applications,forward osmosis; membranes; polyelectrolytes,RWTH,https://publications.rwth-aachen.de/record/1020930,10.18154/RWTH-2025-09338,https://publications.rwth-aachen.de/record/1020930/files/1020930.pdf,https://www.linkedin.com/in/jan-frauholz-7152a78a/,https://orcid.org/0000-0002-4933-5501,,"The thermodynamically unfavorable transfer of water into a second solution, which requires an additional continuous regeneration process, reduces the process' competitiveness or nullifies the possibility of treating highly osmotic feed streams. Overall, forward osmosis processes can be energy competitive with evaporation-based…"
Maria Charlotte Padligur,2025-03-05,"Multi-phase systems for the electrochemical production of 2,5-furancarboxylic acid",biomass valorization; electrochemistry,RWTH,https://publications.rwth-aachen.de/record/1009045,10.18154/RWTH-2025-03302,https://publications.rwth-aachen.de/record/1009045/files/1009045.pdf,https://www.linkedin.com/in/maria-padligur-135403125/,,,"This work aims to understand the mechanisms of charge transport and electrochemical reactions in dynamic multi-phase systems and to use these insights to show the applicability of multi-phase systems for the electrochemical synthesis of FDCA (2,5-furandicarboxylic acid) from the biomass-derived compound HMF (5-hydroxymethylfurfural)…"
Lukas Tobias Hirschwald,2025-02-17,Hemodynamics in blood-contacting devices with triply periodic minimal surfaces for extracorporeal blood therapies,tissue engineering; membranes; hollow fiber membranes; simulation,RWTH,https://publications.rwth-aachen.de/record/1004690,10.18154/RWTH-2025-01571,https://publications.rwth-aachen.de/record/1004690/files/1004690.pdf,https://www.linkedin.com/in/lukas-hirschwald/,https://orcid.org/0000-0002-4629-429X,,"In this thesis, I employed computational fluid dynamics simulations, human whole blood experiments, and simulative optimization to evaluate and optimize the hemodynamics in differently designed modules with isometric and anisometric TPMS topology compared to a conventional tubular architecture. Overall, my work demonstrated that…"
Lea Maria Steinbeck,2025-02-13,Tailoring the characteristics of complex-shaped microgels,microgels; tissue engineering; biomass valorization; microfluidics,RWTH,https://publications.rwth-aachen.de/record/1009669,10.18154/RWTH-2025-03604,https://publications.rwth-aachen.de/record/1009669/files/1009669.pdf,,,,This thesis examines the fabrication of such complex-shaped microgels and the customization of selected microgel characteristics. The aim is to establish a fabrication platform with a repertoire of tailorable microgel characteristics that enables the combination and reliable regulation of the properties of a microgel.
Matthias Christian Geiger,2025-01-24,Microfluidic systems for spinning fibrous scaffolds and investigating cellular behavior in neuroregeneration,tissue engineering; microfluidics; electrochemistry; layer-by-layer,RWTH,https://publications.rwth-aachen.de/record/1012765,10.18154/RWTH-2025-05157,https://publications.rwth-aachen.de/record/1012765/files/1012765.pdf,https://www.linkedin.com/in/matthiascgeiger/,,,"This thesis presents microfluidic spinning as a technology platform for the fabrication of microfibers, whose properties can be tailored to explore the role of the different cues guiding neuroregeneration. The spinning process was analyzed with regard to the parameterspace available for spinning and the fiber diameter resulting from each…"
Niklas Köller,2024-12-16,Scale-up of continuous capacitive deionization processes,capacitive deionization; membranes; water treatment,RWTH,https://publications.rwth-aachen.de/record/1005953,10.18154/RWTH-2025-02126,https://publications.rwth-aachen.de/record/1005953/files/1005953.pdf,https://www.linkedin.com/in/niklas-koeller-59ba9318a/,https://orcid.org/0000-0003-3515-3050,,"This thesis undertook the scale-up of FCDI technology and deployed it in real-world desalination and salt recycling scenarios while innovating new components and materials to enhance cost-effectiveness. Compared to Electrodialysis, FCDI requires more membrane area, resulting in a disadvantage in capital cost."
Sebastian Bernhard Rauer,2024-12-02,Stimuli responsive porous scaffold systems for physiological cell expansion and tissue engineering applications,tissue engineering; porous media; membranes; bioreactors,RWTH,https://publications.rwth-aachen.de/record/998882,10.18154/RWTH-2024-11707,https://publications.rwth-aachen.de/record/998882/files/998882.pdf,https://www.linkedin.com/in/sebastian-rauer-10934314a/,https://orcid.org/0000-0002-9889-078X,,"This thesis aims to advance the state-of-the-art of stimuli-responsive materials by developing three distinct protein-functionalized scaffolds, which can be actuated by electrical current, temperature, or pressure and are applicable in technologically significant bioreactors. The repeated use of interleukin-3 presenting microcarriers for…"
Jan Vehrenberg,2024-09-05,Value added anode reactions for paired electrochemical CO$_{2}$ reduction processes,CO2 reduction; electrochemistry,RWTH,https://publications.rwth-aachen.de/record/995136,10.18154/RWTH-2024-09738,https://publications.rwth-aachen.de/record/995136/files/995136.pdf,https://www.linkedin.com/in/jan-vehrenberg-068153337/,https://orcid.org/0009-0002-2685-8454,,This thesis underlines the great potential of value added anode reactions such as GOR and CER to push eCO2R towards economical feasibility at industrial scale. Benefits over OER are assessed with respect to direct advantages such as generation of value added products at the anode and reduction of cell voltage as well as indirect…
Stefan Herrmann,2024-07-11,Advanced reactors for photocatalytic ozonation of water,water treatment; membranes; simulation,RWTH,https://publications.rwth-aachen.de/record/989545,10.18154/RWTH-2024-06840,https://publications.rwth-aachen.de/record/989545/files/989545.pdf,https://www.linkedin.com/in/stefan-herrmann-a1730765/,https://orcid.org/0000-0002-4473-9224,,"This thesis aims for a new ozonation reactor that limits ozone loss, enhances the degradation rate for low oxidizable MPs, i.e., X-ray contrast agents, and limits bromate formation. Overall, bubble-less photocatalytic ozonation is a promising technology to increase the degradation of low oxidizable MPs and the TOC removal in water…"
Nils Simeon Ragnar Weber,2024-07-08,Tubular gas diffusion electrodes for CO$_{2}$ electroreduction,CO2 reduction; electrochemistry; gas diffusion electrodes,RWTH,https://publications.rwth-aachen.de/record/990543,10.18154/RWTH-2024-07395,https://publications.rwth-aachen.de/record/990543/files/990543.pdf,https://www.linkedin.com/in/nils-weber/,,,"On the other hand, a shift in product distribution towards methane formation was observed in flow-by mode, in which CO2 is channeled through the lumen of the electrode. In conclusion, selective laser melting provides a promising means for the single-step fabrication of tubular gas diffusion electrodes with pore networks tailored to CO2…"
Tobias Harhues,2024-06-13,Process integration and intensification of electrochemical reactions for biomass valorization,biomass valorization; electrochemistry; membranes; bioreactors,RWTH,https://publications.rwth-aachen.de/record/988599,10.18154/RWTH-2024-06302,https://publications.rwth-aachen.de/record/988599/files/988599.pdf,https://www.linkedin.com/in/tharhues/,https://orcid.org/0000-0002-5021-3093,,"This work aims to integrate electrochemical processes into two process chains to yield 2,5-furandicarboxylic acid (FDCA) and 2-butanone. It reveals the possibility of eradicating intermediate purification steps when integrating electrochemical conversion with the preceding chemocatalytic or microbial processes."
Matthias Heßelmann,2024-06-03,Mathematical process modeling and optimization of electrochemical CO$_{2}$ reduction from micro- to meter-scale,CO2 reduction; electrochemistry; modeling; gas diffusion electrodes,RWTH,https://publications.rwth-aachen.de/record/988602,10.18154/RWTH-2024-06303,https://publications.rwth-aachen.de/record/988602/files/988602.pdf,,https://orcid.org/0000-0002-7420-8643,,The micro-environment near a planar plate electrode for electrochemical CO2 conversion to CO was rigorously modeled by accounting for the size of dissolved species in the electrolyte.
Kristina Baitalow,2023-11-02,Switchable oxygen depolarized cathodes in flexible electrolysis operation,electrochemistry; simulation; visualization,RWTH,https://publications.rwth-aachen.de/record/995130,10.18154/RWTH-2024-09734,https://publications.rwth-aachen.de/record/995130/files/995130.pdf,https://www.linkedin.com/in/kristinabaitalow/,https://orcid.org/0000-0003-2336-8126,,This work aims to comprehend the interaction of both cathode reactions on a single switchable oxygen depolarized cathode and enable a safe switching operation. The electrochemical experiments revealed a significant correlation between the increase in cell potential and the undesired electrolyte breakthrough to the gas side of the oxygen…
Daniel Matthias Julian Felder,2023-08-16,Electrochemical charge transport in organic neuromorphic device networks,electrochemistry; simulation,RWTH,https://publications.rwth-aachen.de/record/964209,10.18154/RWTH-2023-08179,https://publications.rwth-aachen.de/record/964209/files/964209.pdf,https://www.linkedin.com/in/dnlfelder/,https://orcid.org/0000-0003-0065-7144,,This thesis employs high-resolution charge transport models to explain the electrochemical processes in organic synapses and identify the non-ideal behavior's root causes. Simulations of artificial neural networks show that self-discharge can significantly degrade network performance over single-digit minutes.
Jens Rubner,2023-06-26,Plasma-coated membranes for gas separation,membranes; gas separation; plasma; porous media,RWTH,https://publications.rwth-aachen.de/record/969876,10.18154/RWTH-2023-09417,https://publications.rwth-aachen.de/record/969876/files/969876.pdf,https://www.linkedin.com/in/jens-rubner-2244bb1a3/,https://orcid.org/0000-0002-1008-7176,,This thesis aims to utilize PECVD to produce organosilica films with tailored chemical and permeation properties.
Maren Großeheide,2023-05-25,Investigations of electrochemical $CO_{2}$-reductions from micro- to macroscale,electrochemistry; CO2 reduction; gas diffusion electrodes,RWTH,https://publications.rwth-aachen.de/record/959695,10.18154/RWTH-2023-05787,https://publications.rwth-aachen.de/record/959695/files/959695.pdf,,,,"This thesis aims to develop the CO2R process towards industrial application. The process stability regarding Faraday efficiency (FE) of CO and cell voltage (U_cell) was drastically improved and it was found, that the duration of the start-up procedure had a major influence on the resulting FE of CO."
Maik Tepper,2023-04-13,Turbulence promoting microstructures inside hollow fiber membranes by a rotation-in-a-spinneret process,hollow fiber membranes; membranes; filtration; polymers,RWTH,https://publications.rwth-aachen.de/record/960356,10.18154/RWTH-2023-06200,https://publications.rwth-aachen.de/record/960356/files/960356.pdf,https://www.linkedin.com/in/maik-tepper/,https://orcid.org/0000-0001-8489-3384,,"In particular, this thesis presents three approaches to implement rotation in a spinneret."
Patrick Bongartz,2023-02-06,Next generation bioreactor design for gas fermentation,bioreactors; membranes; simulation,RWTH,https://publications.rwth-aachen.de/record/960419,10.18154/RWTH-2023-06246,https://publications.rwth-aachen.de/record/960419/files/960419.pdf,https://www.linkedin.com/in/patrick-bongartz-1106/,https://orcid.org/0000-0002-2240-2671,,"To overcome this challenges, aim of this work is the development of a technology for the bubble-free aeration of microbial fermentations. This cell-retention enables the direct, in-line transfer of the fermentation broth to a solvent extraction setup."
Alexander Heinrich Limper,2022-11-02,Fabrication and control of multi-level porosity in metal mixer electrodes,electrochemistry; porous media; polymers; water treatment,RWTH,https://publications.rwth-aachen.de/record/856694,10.18154/RWTH-2022-11050,https://publications.rwth-aachen.de/record/856694/files/856694.pdf,https://www.linkedin.com/in/alexander-limper/,,,This thesis thus firstly aims to develop concepts for the fabrication of 3D-structured porous electrodes that improve the mass transport in the reactor by passive mixing. The feasibility of this functionalization method was demonstrated on a mixer electrode from SLM and showed extremely high potential for the efficient degradation of…
Ilka Isabelle Rose,2022-09-15,Blood compatible membranes through surface functionalization,membranes; tissue engineering; hollow fiber membranes; polymers,RWTH,https://publications.rwth-aachen.de/record/943024,10.18154/RWTH-2023-01363,https://publications.rwth-aachen.de/record/943024/files/943024.pdf,,,,"For this purpose, conventional polyethersulfone dialysis membranes are functionalized subsequently or during membrane production for subsequent heparinization without adversely affecting the membrane properties. X-ray photoelectronspectroscopy and thermogravimetric analyses demonstrate the in-situ functionalization with polydopamine."
Anna Maria Kalde,2022-07-07,Interactive porous networks for immiscible fluid-fluid displacement,porous media; microfluidics; polyelectrolytes; visualization,RWTH,https://publications.rwth-aachen.de/record/861369,10.18154/RWTH-2022-11780,https://publications.rwth-aachen.de/record/861369/files/861369.pdf,https://www.linkedin.com/in/dr-anna-kalde-38b99714a/,https://orcid.org/0000-0002-5706-1547,/images/graduates/anna-maria-kalde.jpg,"This thesis aims to broaden the understanding of fluid-fluid displacement flow communication at a multi-pore scale while resolving displacement dynamics down to a sub-pore scale. Finally, the study on hydrogels demonstrated the potential of hydrogel pillar arrays serving as devices for biomedical applications in chromatography or lateral…"
Denis Mathias Wypysek,2022-07-06,Visualization of complex flow phenomena in multichannel membrane modules,membranes; visualization; MRI; filtration,RWTH,https://publications.rwth-aachen.de/record/861122,10.18154/RWTH-2022-11651,https://publications.rwth-aachen.de/record/861122/files/861122.pdf,,,,This thesis revealed that small deviations from the ideal membrane position inside a membrane module highly influence its flow field and filtration behavior. This study shows that the combination of magnetic resonance imaging and computational fluid dynamics is a powerful tool to unravel the hydrodynamic behavior of multichannel…
Arne Can Lüken,2022-06-29,From soft matter filtration processes to microfluidic filter cake visualization,filtration; microfluidics; visualization; membranes,RWTH,https://publications.rwth-aachen.de/record/849734,10.18154/RWTH-2022-07003,https://publications.rwth-aachen.de/record/849734/files/849734.pdf,https://www.linkedin.com/in/arne-lüken-80456089/,https://orcid.org/0000-0002-4801-8360,,This thesis aims to provide mechanistic insights into the filtration process by developing experimental methods for microscopic filter cake visualization and applying these methods to analyze colloid and particle interactions in the filter cake during filtration. This thesis developed two devices for visually observing filter cakes: The…
Felix Stockmeier,2022-06-27,Flow fields in the overlimiting current regime in electrically-driven membrane processes,membranes; electrochemistry; visualization; ion-exchange membranes,RWTH,https://publications.rwth-aachen.de/record/856875,10.18154/RWTH-2022-11194,https://publications.rwth-aachen.de/record/856875/files/856875.pdf,https://www.linkedin.com/in/felix-stockmeier/,https://orcid.org/0000-0002-4725-6607,,"Until now, experimental studies were limited to 2D measurement techniques and 3D simulations which are restricted to small scales due to computational costs.This thesis surpasses this limitation and presents an experimental method for quantification of the 3D velocity field of electroconvection with high temporal and spatial resolution."
Stephan Christian Emonds,2022-06-20,Fabrication of polyelectrolyte complex membranes,membranes; polyelectrolytes; filtration; hollow fiber membranes,RWTH,https://publications.rwth-aachen.de/record/849649,10.18154/RWTH-2022-06938,https://publications.rwth-aachen.de/record/849649/files/849649.pdf,https://www.linkedin.com/in/stephan-emonds-553b4b14b/,,,"In this thesis, different approaches to fabricate polyelectrolyte complex hollow fiber nanofiltration membranes in a single step are developed. Overall, the polyelectrolyte material platform allows the single step fabrication of polyelectrolyte composite and freestanding hollow fiber nanofiltration membranes."
Johannes Kamp,2022-05-30,Tailoring polyelectrolyte multilayer membranes for advanced selectivities,membranes; layer-by-layer; polyelectrolytes,RWTH,https://publications.rwth-aachen.de/record/957990,10.18154/RWTH-2023-05056,https://publications.rwth-aachen.de/record/957990/files/957990.pdf,https://www.linkedin.com/in/johannes-kamp-ba0236207/,https://orcid.org/0000-0002-7854-3107,,"The results in this thesis prove that indeed, polyelectrolyte multilayer membranes with separation characteristics can be tailored to a specific applications."
Suzana Lohaus,2022-05-09,Membrane based dynamic 3D tissue engineering,membranes; tissue engineering; bioreactors; hollow fiber membranes,RWTH,https://publications.rwth-aachen.de/record/850675,10.18154/RWTH-2022-07656,https://publications.rwth-aachen.de/record/850675/files/850675.pdf,https://www.linkedin.com/in/suzana-lohaus-58b50114a/,,,"This thesis addresses the further development of membrane geometries towards 3D membrane architectures, their material improvement for medical applications, particularly the improvement of blood compatibility, and most recently, the development of a temperature-responsive membrane bioreactor for the production of cellular tissue.…"
Georg Franz Linz,2022-04-27,Electrical impedance spectroscopy on biological barriers,impedance spectroscopy; bioreactors; electrochemistry; microfluidics,RWTH,https://publications.rwth-aachen.de/record/849075,10.18154/RWTH-2022-06546,https://publications.rwth-aachen.de/record/849075/files/849075.pdf,,,,"In this thesis, electrical impedance spectroscopy (EIS) was utilized in static and dynamic cultivations to overcome the disadvantages of single-frequency resistance measurements typically applied in cell barrier research. Contrary to the standard approach, the electric circuit modeling of EIS data allows for the separation of the barrier…"
Mojtaba Mohseni,2022-03-31,Novel freestanding carbons for micropollutants removal through sustainable processes,water treatment; gas diffusion electrodes; electrochemistry; microfluidics,RWTH,https://publications.rwth-aachen.de/record/847266,10.18154/RWTH-2022-05200,https://publications.rwth-aachen.de/record/847266/files/847266.pdf,https://www.linkedin.com/in/emojimohseni/,https://orcid.org/0000-0001-7890-6070,,"This thesis introduces novel freestanding carbons that can serve as an adsorbent, an electrode, or both to remove OMPs via adsorption, (electro-)Fenton-based oxidation, or a combination of them in a so-called cyclic process, respectively."
Dana Kaubitzsch,2022-03-17,Electrochemical synthesis of organic carbonates,electrochemistry; gas diffusion electrodes; membranes; ion-exchange membranes,RWTH,https://publications.rwth-aachen.de/record/943047,10.18154/RWTH-2023-01378,https://publications.rwth-aachen.de/record/943047/files/943047.pdf,https://www.linkedin.com/in/dana-kaubitzsch/,,,This thesis discusses the current state-of-the-art of classical and electrochemical production methods for dialkyl and diaryl carbonates.
Christian Jürgen Linnartz,2021-12-17,From fundamentals of transport in flow electrodes at membrane interfaces to application,membranes; electrochemistry; capacitive deionization; ion-exchange membranes,RWTH,https://publications.rwth-aachen.de/record/850752,,,https://www.linkedin.com/in/christian-linnartz-ab2026156/,https://orcid.org/0000-0003-4153-3252,,"Facing that global challenge, essential aspects to be tackled are recycling water-soluble compounds, degradation of harmful contaminates, and new pathways for the electrification of the chemical industry. Results showed that charge transport within the flow electrodes is fostered by creating particle percolation networks, yet the used…"
Johannes Lohaus,2021-11-25,Multiphase dynamics of colloidal deposition and resuspension at membranes,membranes; filtration; fouling; microfluidics,RWTH,https://publications.rwth-aachen.de/record/843415,10.18154/RWTH-2022-03122,https://publications.rwth-aachen.de/record/843415/files/843415.pdf,https://www.linkedin.com/in/johannes-lohaus-2419b81a4/,,,"This thesis used coupled computational fluid dynamics - discrete element methods (CFD-DEM) simulations to examine pore-scale mechanisms during membrane fouling and membrane backwashing. The simulations revealed a dominant role of the inner pore structure, which is consistent with experimental observations from literature."
Franziska Maria Dorothee Gertrud Hagemann,2021-10-11,Model based design and optimization of high capacitive membrane adsorbers,membranes; modeling; porous media; simulation,RWTH,https://publications.rwth-aachen.de/record/837978,10.18154/RWTH-2022-00218,https://publications.rwth-aachen.de/record/837978/files/837978.pdf,https://www.linkedin.com/in/dr-ing-franziska-hagemann-845056160/,,,"Membrane adsorbers with a biporous structure can improve the downstream process in bioprocesses, because mass transfer limitations are drastically reduced compared to conventional resin chromatography materials. Convective pores enable fast mass transfer and diffusive pores in the membrane bridges provide surface for binding."
Hanna Josefine Wolff,2021-10-06,Fabrication of tailored microgels in continuous processes,microgels,RWTH,https://publications.rwth-aachen.de/record/842918,,,,https://orcid.org/0000-0002-0463-5842,,
Qing Cui,2021-10-01,Wet spinning of core-shell and hollow polyelectrolyte fibers,polyelectrolytes; microfluidics; hollow fiber membranes; membranes,RWTH,https://publications.rwth-aachen.de/record/834117,10.18154/RWTH-2021-09667,https://publications.rwth-aachen.de/record/834117/files/834117.pdf,https://www.linkedin.com/in/qingcui-rwth/,https://orcid.org/0000-0002-1970-5145,,"This thesis aims at utilizing wet spinning technology to achieve fabrication of polymeric fibers with different structures, and making full use of the spun functional fiber materials in tissue engineering and electrochemical reactions. The composite demonstrated the highest conductivity of 484 S/cm and an optimum capacitance of 82.59 F/g."
Morten Logemann,2021-07-05,Gas separation with membranes at elevated temperatures - tubular membrane reactors for the hydroformylation and the water-gas shift reaction,membranes; gas separation,RWTH,https://publications.rwth-aachen.de/record/836136,,,https://www.linkedin.com/in/morten-logemann/,,,
Xin Wei,2021-05-19,Electrochemical nitrogen reduction for ammonia synthesis using gas diffusion electrodes,electrochemistry; nitrogen reduction; gas diffusion electrodes; membranes,RWTH,https://publications.rwth-aachen.de/record/824880,10.18154/RWTH-2021-07908,https://publications.rwth-aachen.de/record/824880/files/824880.pdf,https://www.linkedin.com/in/xin-wei-608ab8a8/,https://orcid.org/0000-0001-9735-606X,,"In this work, catalyst-modified gas diffusion electrodes (GDEs) were applied in an electrochemical membrane reactor to overcome the restriction caused by the low solubility of $\rm N_2$. As a result, a significant improvement was achieved."
Hannah Roth,2021-03-29,Fabrication of functionalized hollow fiber membranes through chemistry in a spinneret,hollow fiber membranes; membranes; filtration; fouling,RWTH,https://publications.rwth-aachen.de/record/841451,10.18154/RWTH-2022-01738,https://publications.rwth-aachen.de/record/841451/files/841451.pdf,https://www.linkedin.com/in/hannah-roth-153b20aa/,https://orcid.org/0000-0003-4382-8310,,The aim of thesis is to explore the scalable chemistry in a spinneret technology base as a single-step manufacturing process for functionalized membranes and thus to offer an intelligent alternative for multi-step membrane modification processes. Filtration experiments with BSA prove excellent antifouling properties of the resulting…
Robert G. Keller,2021-01-01,Fenton’s chemistry in biorefineries,biomass valorization; filtration; membranes; electrochemistry,RWTH,https://publications.rwth-aachen.de/record/822014,10.18154/RWTH-2021-06495,,https://www.linkedin.com/in/robert-keller-12003b147/,,,"This thesis presents integrated biorefinery processes based on green solvents, lignin-first conceptualization, and the coupling of electrochemical processes to cellulose depolymerization. Experimental and simulation results demonstrated that the separation prevents overoxidation of glucose while simultaneously retaining the reactant…"
Lars I. E. Peters,2021-01-01,Membrane-based direct pH parametric pumping for protein concentration,membranes; filtration; fouling; hollow fiber membranes,RWTH,https://publications.rwth-aachen.de/record/811228,10.18154/RWTH-2021-01042,https://publications.rwth-aachen.de/record/811228/files/811228.pdf,,,,"Membrane processes offer shorter diffusional pathways for the adsorption, faster binding kinetics and overall lower pressure drops, but are limited to a flat membrane geometry."
Korcan Percin,2021-01-01,Slurry-based electrodes for vanadium redox flow battery,redox flow batteries; electrochemistry; porous media,RWTH,https://publications.rwth-aachen.de/record/819825,10.18154/RWTH-2021-05314,https://publications.rwth-aachen.de/record/819825/files/819825.pdf,https://www.linkedin.com/in/korcanpercin/,,,"This thesis suggests replacing the standard electrodes used in a vanadium redox flow battery with the slurry electrodes. This thesis demonstrates the application of the static mixers to improve the slurry mixing in the flow cell, and thereby, increase the electrochemical activity significantly."
Elizaveta Evdochenko,2021-01-01,Modeling of ion transport through nanofiltration and ion-exchange membranes,filtration; membranes; ion-exchange membranes; modeling,RWTH,https://publications.rwth-aachen.de/record/816815,10.18154/RWTH-2021-03458,,,,,"This thesis aims to attain a deeper phenomenological understanding of ion transport through charged nanofiltration and ion-exchange membranes by means of conducting numerical simulations. When the bulk charge is overcompensated, the rejection and selectivity can increase significantly due to the strong influence of the overall charge on…"
Daniel J. Bell,2021-01-01,Artificial oscillating membrane systems,membranes,RWTH,https://publications.rwth-aachen.de/record/824265,,,,,,
Burckhard E. L. Ohs,2021-01-01,Process design and optimization for recovery of biohydrogen,hydrogen; electrochemistry,RWTH,https://publications.rwth-aachen.de/record/817133,10.18154/RWTH-2021-03716,https://publications.rwth-aachen.de/record/817133/files/817133.pdf,,,,"Thus, in the second part of the thesis, a process consisting of an electrochemicalH2 separation and temperature swing adsorption for the separation of N2and CO2 is presented. With this thesis at hand, overall process analysis of the biogenic H2 production is possible."
Alexandra K. E. Rommerskirchen,2021-01-01,Continuous flow-electrode capacitive deionization,capacitive deionization; electrochemistry; membranes,RWTH,https://publications.rwth-aachen.de/record/814181,10.18154/RWTH-2021-02093,,https://www.linkedin.com/in/alexandra-rommerskirchen-87083098/,https://orcid.org/0000-0002-5497-9379,,"This thesis discusses the state of the art of FCDI and related technologies and, based on this, presents experimental and theoretical studies, which advance the field of FCDI. The overall focus of this thesis lies on the application of FCDI for the treatment of high salinity solutions."
Michael Theo Alders,2020-11-16,Membrane gas separation at low temperatures and high activity levels,membranes; gas separation,RWTH,https://publications.rwth-aachen.de/record/834212,10.18154/RWTH-2021-09719,https://publications.rwth-aachen.de/record/834212/files/834212.pdf,https://www.linkedin.com/in/michael-alders-973336170/,,,"As an example, the model is used to determine parameters for PDMS as the most ideal membrane material. For hydrocarbons the results correspond to the expected behaviour, but for polar vapors effects are observed which cannot be conclusively clarified."
S. Weik,2020-01-01,Static mixer assisted membrane filtration,membranes; filtration; fouling,RWTH,https://publications.rwth-aachen.de/record/794592,10.18154/RWTH-2020-07761,,,,,"This thesis follows a different approach, aiming at influencing the process conditions and the hydrodynamics in particular, instead of altering the membrane surface. In particular, the newly developed aerating mixer which combines aeration and mixing in one device, showed promising results in fouling mitigation."
Monika T. Wiese,2020-01-01,Synthetic membranes with responsive and enzymatically active properties,membranes,RWTH,https://publications.rwth-aachen.de/record/803875,,,,,,
Laura Keller,2020-01-01,Microtubes made of carbon nanotube hybrid materials for CO$_{2}$ separation,microfluidics; gas separation; hollow fiber membranes; polymers,RWTH,https://publications.rwth-aachen.de/record/789300,10.18154/RWTH-2020-05127,,,,,"In this thesis, hollow fibers made of carbon nanotubes (CNT) replace the polymeric matrix. The formation of a polymeric, gastight layer on the shell side was successful, which enables isothermal operation with these fibers in the future."
Kerstin M. Remmen,2020-01-01,Layer-by-layer modification of membranes for resource recovery,membranes; layer-by-layer; filtration,RWTH,https://publications.rwth-aachen.de/record/782953,10.18154/RWTH-2020-02191,,,,,"In this thesis, novel Layer-by-Layer (LbL) nanofiltration membranes are applied to recover phosphorus from sewage sludge ash leached by acids. An optimization of LbL membranes is performed to achieve superior phosphorus yields and permeabilities compared to conventional membranes, leading to a more environmentally friendly and…"
Jonas Lölsberg,2020-01-01,Rapid prototyping of microfluidic systems using two-photon lithography,microfluidics,RWTH,https://publications.rwth-aachen.de/record/813718,,,https://www.linkedin.com/in/dr-ing-jonas-lölsberg-849b4b117/,https://orcid.org/0000-0003-0824-0976,,"Within the cell-sorting device, whole blood with a clinical relevant hematocrit is sorted based on the joint effects of flow focusing and inertial lift forces resulting in lateral cell migration."
Jan-Bernd Vennekötter,2020-01-01,$CO_{2}$ Reduction in Electrochemical Membrane Reactors,membranes; electrochemistry,RWTH,https://publications.rwth-aachen.de/record/793058,10.18154/RWTH-2020-06598,https://publications.rwth-aachen.de/record/793058/files/793058.pdf,https://www.linkedin.com/in/dr-jan-bernd-vennekötter-34422a122/,,,"Even though the focus of the study is on small scale electrochemical membrane reactors, a clear guideline for industrial scale up is given. Further catalyst and electrode design is necessary to be able to reduce CO2 with high selectivities to different C1 and C2 products."
Florian G. Roghmans,2020-01-01,Ion transport through microgel-modified membrane surfaces,membranes; microgels; capacitive deionization; electrochemistry,RWTH,https://publications.rwth-aachen.de/record/809118,10.18154/RWTH-2020-12377,https://publications.rwth-aachen.de/record/809118/files/809118.pdf,,,,"This thesis aims at the improvement of ion transfer through two different types of membranes via the deposition of microgels on their surface. Electrochemical impedance spectroscopy revealed that the charge of the modifications has a decisive impact on the dielectric response of the system, thereby fingerprinting monovalention…"
Deniz P. Rall,2020-01-01,Data-Driven development of layer-by-layer nanofiltration membranes and processes,filtration; membranes; layer-by-layer; modeling,RWTH,https://publications.rwth-aachen.de/record/804603,10.18154/RWTH-2020-10408,,https://www.linkedin.com/in/dr-deniz-rall/,,,"This thesis offers a novel data-driven methodology using artificial neural networks (ANNs) for the development of layer-by-layer nanofiltration membranes in contrast to established screening pathways. Furthermore, machine learning enables a well-founded physical analysis of the performance spectrum, creating an interface between the…"
Benedikt M. Aumeier,2020-01-01,The hydrothermal solution for decentralized drinking water purification,water treatment; filtration; membranes,RWTH,https://publications.rwth-aachen.de/record/801868,10.18154/RWTH-2020-09122,https://publications.rwth-aachen.de/record/801868/files/801868.pdf,https://www.linkedin.com/in/benedikt-aumeier-352755178/,https://orcid.org/0000-0003-2167-4066,,"The main objective of this thesis was to develop a water treatment process that fulfills the above-mentioned requirements, and to demonstrate its technical feasibility in order to assure self-sustaining operation at household level.The developed process consisted of two steps: water purification and process regeneration."
Axel Böcking,2020-01-01,Membrane transport properties and process design in nanofiltration with organic solvents and aqueous solvent mixtures,membranes; filtration; organic solvent nanofiltration,RWTH,https://publications.rwth-aachen.de/record/788632,10.18154/RWTH-2020-04678,https://publications.rwth-aachen.de/record/788632/files/788632.pdf,,,,"This thesis proves the quality of retention and flow data from the standardized method. Such effects have been demonstrated in experiments, e.g., cononsolvency or preferential solvation."
Tobias Lülf,2019-01-01,Structured hollow fiber membranes for enhanced mass transfer,membranes; hollow fiber membranes,RWTH,https://publications.rwth-aachen.de/record/765489,,,https://www.linkedin.com/in/dr-tobias-luelf-5985b1119/,,,
Therese Krahnstöver,2019-01-01,Assessing and minimizing the leakage of powdered activated carbon from wastewater treatment processes for micropollutant removal,water treatment; filtration,RWTH,https://publications.rwth-aachen.de/record/772900,10.18154/RWTH-2019-10820,,https://www.linkedin.com/in/therese-krahnstöver-ab6ab4183/,,,"In this thesis, the separation of PAC in advanced wastewater treatment processes is studied. The results show that, when operating PAC plants, it is essential to put a focus not only on effective adsorption, but also on adequate solids separation."
Theresa B. M. Rösener,2019-01-01,Temperature modulated membrane transport phenomena,membranes; filtration; fouling; hollow fiber membranes,RWTH,https://publications.rwth-aachen.de/record/774433,10.18154/RWTH-2019-11537,https://publications.rwth-aachen.de/record/774433/files/774433.pdf,,,,This thesis elucidates how direct membrane heating can positively influence membrane transport phenomena and presents novel applications that arise from the direct heat input. The applied electric power enables to control the temperature of the membrane.
Martin Wiese,2019-01-01,Flow-MRI to analyze effectiveness of membrane devices,membranes; MRI,RWTH,https://publications.rwth-aachen.de/record/785894,,,,,,
Davide Di Marino,2019-01-01,Extraction and electrochemical valorization of lignin in novel electrolytes,biomass valorization; electrochemistry,RWTH,https://publications.rwth-aachen.de/record/771046,10.18154/RWTH-2019-09911,,https://www.linkedin.com/in/davide-di-marino-89284451/,https://orcid.org/0000-0001-6961-3129,,"In this thesis, electrochemical processes are applied to valorize lignin, with a particular focus on the role of the electrolyte. Main results regarded the successful depolymerization in the deep eutectic solvent and the formation of aromatic compounds with a high selectivity for guaiacol and vanillin."
Bandar A. Bawareth,2019-01-01,Modelling electrochemical lignin depolymerization into value-added products,biomass valorization; electrochemistry; membranes; filtration,RWTH,https://publications.rwth-aachen.de/record/755846,10.18154/RWTH-2019-02046,,,,,"Through the analysis, the objective was to manipulate the process parameters in order to maximize the aromatics production yield. The sensitivity study revealed that a membrane with a molecular weight cut-off (MWCO) of 750 Da and pore diameter of 1 nm is an optimum nano-filtration membrane for a continuous membrane reactor."
Said Alsayegh,2018-01-01,Hydrogen recovery and utilization from water splitting processes,hydrogen; membranes; gas separation; hollow fiber membranes,RWTH,https://publications.rwth-aachen.de/record/728648,10.18154/RWTH-2018-225811,,,,,"The scope of this thesis is to identify membrane-based processes to recover and utilize H2 generated from photocatalytic water splitting while maintaining safety and flammability constraints throughout the separation process. Through integration, the aim was to improve the overall process economics through the production of a more value-…"
John Linkhorst,2018-01-01,Mechanistic analysis of soft colloid filtration,filtration,RWTH,https://publications.rwth-aachen.de/record/749893,,,https://www.linkedin.com/in/john-linkhorst-2394b732/,https://orcid.org/0000-0002-8556-9217,,
Tao Luo,2017-01-01,Porous Ion Exchange Membranes for Vanadium Redox Flow Battery,redox flow batteries; membranes; ion-exchange membranes; porous media,RWTH,https://publications.rwth-aachen.de/record/707249,10.18154/RWTH-2017-09137,,https://www.linkedin.com/in/tao-luo-a8670231/,,,The resultant membranes have a symmetric cross-sectional structure with macropores (2 to 10 microns) distributed in the nanoporous membrane matrix.
Sebastian Koester,2017-01-01,Membrane-based enthalpy exchangers,membranes; gas separation,RWTH,https://publications.rwth-aachen.de/record/688743,10.18154/RWTH-2017-03998,,,,,"An optimization beyond this limit will only make sense if the impact of the stagnant layer is reduced simultaneously. A case study revealed that the actual saving potential of membrane spacers depends on multiple parameters like outer climate conditions, energy prices and the humidification technology of the corresponding building…"
Said Abdu,2017-01-01,Interface engineering of ion exchange membranes,ion-exchange membranes; membranes; bipolar membranes; layer-by-layer,RWTH,https://publications.rwth-aachen.de/record/710113,10.18154/RWTH-2017-10406,,,,,"Membrane surfaces are elaborately altered during membrane formation or in a separate step afterward with the objective of enhancing some desired performances or mitigating drawbacks that are inherent to membrane separation processes. At overlimiting current densities, the study further shows that polyelectrolyte multilayers allow…"
Robert Femmer,2017-01-01,Ion transport in electrolyte and polyelectrolyte systems,polyelectrolytes; bipolar membranes; filtration; membranes,RWTH,https://publications.rwth-aachen.de/record/709436,10.18154/RWTH-2017-09949,https://publications.rwth-aachen.de/record/709436/files/709436.pdf,,,,This thesis aims to increase the understanding of some of the processes happening at and around these interfaces by eliminating the electroneutrality condition from the set of commonly assumed simplifications. A fundamental study of the common assumption of the ideal bulk boundary condition with an artificial mixing model reveals a…
Jonas Löwenberg,2017-01-01,Hybrid processes utilizing powdered activated carbon adsorption and filtration for the removal of micropollutants and efficient water management,water treatment; filtration; membranes; fouling,RWTH,https://publications.rwth-aachen.de/record/685654,10.18154/RWTH-2017-02416,,,,,"In this thesis, two specific examples of the abovementioned development are addressed by the combination of powdered activated carbon (PAC) adsorption and filtration processes."
Daniel Menne,2017-01-01,Layer-by-layer design of nanofiltration membranes,filtration; membranes; layer-by-layer; polyelectrolytes,RWTH,https://publications.rwth-aachen.de/record/684806,,,,,,A new coating method involving constant flux permeation enables precise tailoring of the performance in terms of retention and permeability of the resulting membranes.
Gerrald Bargeman,2016-10-05,Transport phenomena during nanofiltration of concentrated solutions,filtration; membranes,Twente,https://research.utwente.nl/en/publications/transport-phenomena-during-nanofiltration-of-concentrated-solutio/,10.3990/1.9789036541954,https://research.utwente.nl/files/6047785/thesis_G_Bargeman.pdf,,,,In most scientific studies on nanofiltration either the development of new membrane materials or the characterization of membranes is reported. In the latter case most studies use single solute salt or sugar solutions and/or investigate nanofiltration of solutions with mixtures of ions at low concentrations relative to solution…
Anne Corine IJzer,2016-09-02,Adsorption materials for the recovery and separation of biobased molecules,biomass valorization; membranes,Twente,https://research.utwente.nl/en/publications/adsorption-materials-for-the-recovery-and-separation-of-biobased-/,10.3990/1.9789036541831,https://research.utwente.nl/files/6048101/thesis_A_IJzer.pdf,,,,In this thesis we studied several strategies to improve adsorption technology for the adsorption of biobased molecules. Furthermore this research shows that MMMs could be a good alternative for traditional packed beds for the adsorption of small molecules.
Tim Femmer,2016-01-01,Rapid prototyping of membranes and membrane devices,membranes; bioreactors; polymers,RWTH,https://publications.rwth-aachen.de/record/540792,,,https://www.linkedin.com/in/tfemmer/,,,"It involves a liquid photopolymer in a vat that is cured throughout light activation.This thesis describes how rapid prototyping, especially digital light processing, can be applied in the field of membrane technology. The developed membrane stirrer device for in-situ product recovery in a bioreactor is unique in function and design and…"
Serafin Stiefel,2016-01-01,Depolymerizing lignin in electrochemical membrane reactors,membranes; biomass valorization; electrochemistry,RWTH,https://publications.rwth-aachen.de/record/698589,,,,,,
S. Bannwarth,2016-01-01,Characterization of membranes and membrane processes by electrical impedance spectroscopy,impedance spectroscopy; membranes,RWTH,https://publications.rwth-aachen.de/record/689909,,,,,,
Jan Stodollick,2016-01-01,Hybrid membrane separation process for the continuous production of itaconic acid,membranes,RWTH,https://publications.rwth-aachen.de/record/687814,,,,,,
Hans Breisig,2016-01-01,Principles and applications of droplet formation in porous-wall channels,porous media,RWTH,https://publications.rwth-aachen.de/record/698588,,,,,,
Stefanie M. A. Kriescher,2015-01-01,Electrochemical CO2 reduction,electrochemistry; CO2 reduction; membranes,RWTH,https://publications.rwth-aachen.de/record/571497,,,https://www.linkedin.com/in/stefanie-kriescher-4aa730b0/,,,Membrane electrode assemblies (MEA) were applied when gaseous reactants were involved. The production of hydrocarbons with low current efficiency was achieved in both reactor types.
Stefanie Hoffmann,2015-01-01,A systematic investigation of transport phenomena in organic solvent nanofiltration,organic solvent nanofiltration; filtration; membranes; polymers,RWTH,https://publications.rwth-aachen.de/record/565633,,,,,,This work systematically investigates solvent as well as solute transport through adense PDMS-based polymeric OSN membrane.
Marina Lazar,2015-01-01,Silicone based membranes for organic solvent nanofiltration,membranes; filtration; organic solvent nanofiltration; polymers,RWTH,https://publications.rwth-aachen.de/record/571750,,,,,,"This thesis includes a study on silicone based membranes, as to their chemistry, their separation performance in organic solvents and influence of introduced functional groups. The measured results were used together with modelling approach to determine membrane specific parameters and their relevance in accurate predicting of the…"
Wojciech Ogieglo,2014-03-21,In-situ spectroscopic ellipsometry for studies of thin films and membranes,membranes; polymers,Twente,https://research.utwente.nl/en/publications/in-situ-spectroscopic-ellipsometry-for-studies-of-thin-films-and-/,10.3990/1.9789036536318,https://research.utwente.nl/files/6057993/thesis_W_Ogieglo.pdf,,,,This thesis explores the applicability of the technique to study fundamentals of various physical phenomena occurring in thin and ultra-thin polymer films in the presence of interacting penetrants.
Frederike Carstensen,2014-01-01,In situ product recovery from fermentation processes using reverse flow diafiltration,filtration; bioreactors; membranes,RWTH,https://publications.rwth-aachen.de/record/229377,,https://publications.rwth-aachen.de/record/229377/files/4920.pdf,,,,This thesis presents a novel ISPR process named reverse-flow diafiltration. As a result no net flux over the membrane occurs and cake-layer formation by particle accumulation is kept low.
Fee Pitsch,2014-01-01,A membrane distillation hybrid process for the separation of propylene and propane,gas separation; membranes,RWTH,https://publications.rwth-aachen.de/record/228839,,,,,,
Christian Abels,2014-01-01,Membrane separations in ionic liquid assisted processing of lignocellulosic biomass,membranes; biomass valorization; filtration,RWTH,https://publications.rwth-aachen.de/record/444991,,,,,,"In this thesis the conversion of cellulose to glucose downstream of the wood dissolution process in Ionic Liquid is discussed. The semi-empirical model, based on systematic experimental results, allows for the prediction of the glucose yield from the nanofiltration as a unit operation."
Marlon Susanne Liesbeth Tijink,2013-05-24,Membrane concepts for blood purification: towards improved artificial kidney devices,membranes; hollow fiber membranes; polymers; water treatment,Twente,https://research.utwente.nl/en/publications/membrane-concepts-for-blood-purification-towards-improved-artific/,10.3990/1.9789036535472,https://research.utwente.nl/files/6061215/thesis_M_Tijink.pdf,,,,The research presented in this thesis is about the fabrication and characterization of new membranes for blood purification. We show that MMMs can combine diffusion and adsorption of a uremic retention solute in one step and the MMMs show great potential for clearance of difficult to remove protein-bound toxins.
Jozef Kochan,2013-01-01,Layer by layer engineering of ultrafiltration membranes,filtration; membranes; layer-by-layer,RWTH,https://publications.rwth-aachen.de/record/211238,,,,,,
Sven Lyko,2012-01-01,Zeit- und anlagengrößenabhängiges Foulingverhalten in kommunalen Membranbelebungsanlagen,fouling; membranes,RWTH,https://publications.rwth-aachen.de/record/210527,,,,,,
Mark Ajhar,2012-01-01,Membrane-based removal of volatile methylsiloxanes from biogas,gas separation; membranes; polymers; water treatment,RWTH,https://publications.rwth-aachen.de/record/64099,,,,,,"It consists of the following:a) thorough overview of already established and still developing siloxane removal technologies,b) detailed investigation of a viable sampling and analytical method,c) screening of different elastomers to identify siloxane-selective membrane materials,d) design of a suitable membrane structure, i.e.…"
J.M. Jani,2011-12-02,Multiphase membrane contactors and reactors,membranes,Twente,https://research.utwente.nl/en/publications/multiphase-membrane-contactors-and-reactors/,10.3990/1.9789036532952,https://research.utwente.nl/files/6066388/thesis_J_Jani.pdf,,,,This thesis describes research work about multiphase contacting/reactions using porous membranes.
Szymon Maria Dutczak,2011-11-11,Solvent resistant nanofiltration membranes,filtration; membranes,Twente,https://research.utwente.nl/en/publications/solvent-resistant-nanofiltration-membranes/,10.3990/1.9789036532778,https://research.utwente.nl/files/6066327/thesis_S_Dutczak.pdf,,,,This thesis describes preparation and characterization of membranes for organic solvent filtration (OSF).
Mayur Ramesh Dalwani,2011-11-11,Thin film composite nanofiltration membranes for extreme conditions,filtration; membranes,Twente,https://research.utwente.nl/en/publications/thin-film-composite-nanofiltration-membranes-for-extreme-conditio/,10.3990/1.9789036532761,https://research.utwente.nl/files/6066496/thesis_M_Dalwani.pdf,,,,"The research presented in this thesis focuses on development and performance evaluation of thin film composite (TFC) nanofiltration (NF) membranes, with special attention to extreme pH applications. Performance evaluation of a well-known commercial NF membrane (NF-270, Dow Filmtec™) via this method reveals reversible changes with respect…"
H.C. Aran,2011-11-04,Porous ceramic and metallic microreactors - tuning interfaces for multiphase processes,membranes,Twente,https://research.utwente.nl/en/publications/porous-ceramic-and-metallic-microreactors-tuning-interfaces-for-m/,10.3990/1.9789036532686,https://research.utwente.nl/files/6066985/thesis_H_Aran.pdf,,,,"The aim of this research is to explore new concepts for multiphase gas-liquid-solid reactions within microreactors, using membrane technology."
Seyed Schwan Hosseiny,2011-01-01,Vanadium / Air Redox Flow Battery,redox flow batteries,Twente,,10.3990/1.9789036532259,,,,,
Sander Reijerkerk,2010-03-19,Polyether based block copolymer membranes for CO2 separation,membranes; polymers,Twente,https://research.utwente.nl/en/publications/polyether-based-block-copolymer-membranes-for-co2-separation-2/,10.3990/1.9789036529815,https://research.utwente.nl/files/62306369/thesis_S_Reijerkerk.pdf,,,,In this thesis two dierent design strategies to tune and signicantly increase the performance of polyether based multi-block copolymer membranes are investigated.
Matías Bikel,2009-12-18,Fundamental aspects of phase separation microfabrication,membranes; polymers,Twente,https://research.utwente.nl/en/publications/fundamental-aspects-of-phase-separation-microfabrication/,10.3990/1.9789090248516,https://research.utwente.nl/files/6082883/thesis_M_Bikel.pdf,,,,"In the research featured in this PhD thesis, the fundamental aspects of Phase Separation MicroFabrication (PSµF) were studied. This is achieved by phase separation of polymer solutions that are in contact with microstructured molds."
Piotr Edward Dlugolecki,2009-11-18,Mass transport in reverse electrodialysis for sustainable energy generation,ion-exchange membranes; membranes; electrochemistry,Twente,https://research.utwente.nl/en/publications/mass-transport-in-reverse-electrodialysis-for-sustainable-energy-/,10.3990/1.9789036529280,https://research.utwente.nl/files/6082816/Thesis_P_Dlugolecki.pdf,,,,Reverse electrodialysis (RED) is a promising and potentially attractive technology for the generation of sustainable energy from the mixing of salt and fresh water. The results of this work show the high potential of RED as renewable energy source and it also brings RED closer to practical implementation.
Bernke J. Papenburg,2009-06-19,Design Strategies for Tissue Engineering Scaffolds,tissue engineering; porous media; visualization,Twente,https://research.utwente.nl/en/publications/design-strategies-for-tissue-engineering-scaffolds/,10.3990/1.9789490122393,https://research.utwente.nl/files/6068752/thesis_B_Papenburg.pdf,,,,This thesis focuses on various aspects involved in scaffold design and the cell-scaffold interaction. Subsequent stacking of these sheets results in 3D scaffolds where the microchannels also provide space for nutrient perfusion throughout the complete scaffold.
Mustafa Hakan Yildirim,2009-03-20,Development of new membrane materials for direct methanol fuel cells,membranes; polymers,Twente,https://research.utwente.nl/en/publications/development-of-new-membrane-materials-for-direct-methanol-fuel-ce/,10.3990/1.9789036528115,https://research.utwente.nl/files/6084224/thesis_H_Yildirim.pdf,,,,Direct methanol fuel cells (DMFCs) can convert the chemical energy of a fuel directly into electrical energy with high efficiency and low emission of pollutants. In order to compete with Li-ion batteries for portable applications higher power densities must be achieved.
João Miguel de Sousa André,2009-02-06,Mixed Matrix Membranes A New Platform For Enzymatic Reactions,membranes,Twente,,,,,,,
Jens Potreck,2009-01-30,Membranes for Flue Gas Treatment: Transport behavior of water and gas in hydrophilic polymer membranes,membranes; polymers,Twente,https://research.utwente.nl/en/publications/membranes-for-flue-gas-treatment-transport-behavior-of-water-and-/,10.3990/1.9789036527859,https://research.utwente.nl/files/6068733/thesis_J_Potreck.pdf,,,,"Fossil fuel fired power plants produce electricity and in addition to that large volume flows of flue gas, which mainly contain N2, O2, and CO2, but also large quantities of water vapor. To prevent condensation of the water vapor present in this flue gas stream, water needs to be removed before emission to the atmosphere."
Wilbert J.C. van de Ven,2008-04-24,Towards optimal saving in membrane operation,membranes; filtration; hollow fiber membranes; water treatment,Twente,https://research.utwente.nl/en/publications/towards-optimal-saving-in-membrane-operation/,10.3990/1.9789090229928,https://research.utwente.nl/files/456147330/thesis_WJC_van_de_Ven.pdf,,,,"This work aims at the development of methods for fingerprinting filtration processes. The use of light scattering enabled not only the determination of particle size, but also the confrontation of the polymers and their interaction with the membrane."
Jorrit de Jong,2008-04-18,Application Of Membrane Technology In Microfluidic Devices,membranes; microfluidics,Twente,,,,,,,
Alisia Mariska Peters,2008-01-09,Micro-patterned interfaces affecting transport through and along membranes,membranes; polymers; simulation,Twente,https://research.utwente.nl/en/publications/micro-patterned-interfaces-affecting-transport-through-and-along-/,10.3990/1.9789036527583,https://research.utwente.nl/files/6084524/thesis_A_Peters.pdf,,,,It is the objective of this thesis to describe how micro-patterned polymeric surfaces can lead to enhanced transport through and along those surfaces. Lattice Boltzmann simulations have confirmed these results and gener-ated 2D and 3D flow profiles.
Dana Manuela Sterescu,2007-09-20,Fullerene and dendrimer based nano-composite gas separation membranes,membranes; gas separation; polymers,Twente,https://research.utwente.nl/en/publications/fullerene-and-dendrimer-based-nano-composite-gas-separation-membr-2/,10.3990/1.9789036525619,https://research.utwente.nl/files/6086519/thesis_Sterescu.pdf,,,,This thesis describes the development of new materials for membrane based gas separation processes.
Saiful,2007-05-24,Mixed matrix membrane adsorbers for protein and blood purification,membranes; filtration,Twente,https://research.utwente.nl/en/publications/mixed-matrix-membrane-adsorbers-for-protein-and-blood-purificatio-2/,10.3990/1.9789036525077,https://research.utwente.nl/files/6086565/thesis_Saiful.pdf,,,,"Biotechnology and bio-manufacturing markets are continuously growing, generating new sources of many valuable healthcare and life science products including therapeutic proteins and polysaccharides, monoclonals, vaccines, diagnostics, pharmaceutical chemicals and enzymes. These bioproducts have to be isolated and purified from complex…"
Jörg H. Balster,2006-12-13,Membrane module and process development for monopolar and bipolar membrane electrodialysis,membranes; bipolar membranes; fouling,Twente,https://research.utwente.nl/en/publications/membrane-module-and-process-development-for-monopolar-and-bipolar/,10.3990/1.9789036524520,https://research.utwente.nl/files/6070210/thesis_Balster.pdf,,,,This thesis aims to develop more efficient monopolar and bipolar membrane electrodialysis processes.
Zandrie Borneman,2006-11-15,Particle loaded membrane chromatography,membranes,Twente,https://research.utwente.nl/en/publications/particle-loaded-membrane-chromatography-2/,10.3990/1.9789036524339,https://research.utwente.nl/files/6086979/thesis_Borneman.pdf,,,,
Maik Jörn Geerken,2006-11-09,Emulsification With Micro- Engineered Devices,membranes,Twente,,10.3990/1.9789036524326,,,,,
Guillo Alexander Schrader,2006-03-31,Direct nanofiltration of wastewater treatment plant effluent,filtration; water treatment; membranes,Twente,https://research.utwente.nl/en/publications/direct-nanofiltration-of-waste-water-treatment-plant-effluent/,10.3990/1.9789036523325,https://research.utwente.nl/files/279528405/thesis_Schrader.pdf,,,,"Membrane technology, especially nanofiltration, is seen as a suitable technology to polish WWTP effluent to EU WFD standards and consequently produce an effluent quality suitable for agricultural or (in)direct potable usage. The objective of this study was to assess the potential of direct nanofiltration as technique for effluent…"
Tymen Visser,2006-01-01,Mixed gas plasticization phenomena in asymmetric membranes,membranes; gas separation,Twente,https://research.utwente.nl/en/publications/mixed-gas-plasticization-phenomena-in-asymmetric-membranes-2/,,https://research.utwente.nl/files/6086964/thesis_Visser.pdf,,,,This thesis describes the thorough investigation of mixed gas transport behavior of asymmetric membranes in the separation of feed streams containing plasticizing gases in order to gain more insights into the complicated behavior of plasticization.
Míriam Gironès i Nogué,2005-12-09,Inorganic And Polymeric Microsieves Strategies To Reduce Fouling,fouling; polymers,Twente,,10.3990/1.9789036522897,,,,,
Laura Vogelaar,2005-07-08,Phase separation micro molding,membranes,Twente,,10.3990/1.9789036522218,,,,,
Ronald H.S. Jansen,2005-01-01,"Ozonation of humic substances in a membrane contactor: mass transfer, product characterization and biodegradability",membranes; water treatment,Twente,https://research.utwente.nl/en/publications/ozonation-of-humic-substances-in-a-membrane-contactor-mass-transf-2/,10.3990/1.9789036521987,https://research.utwente.nl/files/6120122/thesis_Jansen.pdf,,,,The goal of the research was to investigate the degradation of concentrated humic substances by an ozonation/biofiltation system in a side-stream process. The humic substances were concentrated by ion-exchange adsorption and the research was mainly focused on the ozonation of humic substances.
Ines Frenzel,2005-01-01,Waste minimization in chromium plating industry,membranes,Twente,https://research.utwente.nl/en/publications/waste-minimization-in-chromium-plating-industry-2/,10.3990/1.9789036522090,https://research.utwente.nl/files/6119857/thesis_Frenzel.pdf,,,,"This thesis investigates three technologies for the treatment of chromic acid solutions, which could combine economical and practical aspects with conservation of nature and natural resources."
Nela Stafie,2004-11-24,Poly(Dimethyl Siloxane) – Based Composite Nanofiltration Membranes For Non-Aqueous Applications,filtration; membranes; gas separation,Twente,,10.3990/1.9789036521122,,,,,
Sybrandus Jacob Metz,2003-11-21,Water Vapor And Gas Transport Through Polymeric Membranes,membranes; polymers,Twente,,,,,,,
Gerard Frank Hermsen,2003-09-05,Conformational Properties Of Linear Polymers At A Porous Interface: A Monte Carlo Simulation Study,simulation,Twente,,10.3990/1.9789036519586,,,,,
Kitty Nijmeijer,2003-05-09,Gas-Liquid Membrane Contactors For Olefin/Paraffin Separation,membranes,Twente,,,,,,,
Maria Elena Avramescu,2002-12-19,Membrane adsorbers: development and applications,membranes,Twente,https://research.utwente.nl/en/publications/membrane-adsorbers-development-and-applications/,10.3990/1.9789036518383,https://research.utwente.nl/files/6080973/2002_Avramescu.pdf,,,,"Bioaffinity separation principally asks for membranes that show a good compatibility to the targeted biological fluids, provide coupling sites for (bio)ligands and posses a hydrophilic surface to reduce non-specific adsorption caused by hydrophobic atraction. Due to its good blood compatibility and very low water solubility, ethylene…"
L. de Geeter,2002-01-01,,membranes,Twente,,,,,,,
Bernd Krause,2001-11-09,Polymer nanofoams,polymers,Twente,https://research.utwente.nl/en/publications/polymer-nanofoams/,10.3990/1.9789036516471,https://research.utwente.nl/files/280589117/thesis_B_Krause.pdf,,,,
Alberto Figoli,2001-10-26,Synthesis of nanostructured mixed matrix membrane for facilitated gas separation,membranes; gas separation,Twente,,10.3990/1.9789036516730,,,,,
Tao He,2001-09-14,Composite hollow fiber membranes for ion separation and removal,membranes; hollow fiber membranes,Twente,,10.3990/1.9789036516242,,,,,
Friedrich Georg Wilhelm,2001-01-19,Bipolar Membrane Electrodialysis,membranes; bipolar membranes,Twente,,10.3990/1.9789036515270,,,,,
Warner J. Nauta,2000-06-09,"Stabilisation of low density, closed cell polyethylene foam",membranes,Twente,https://research.utwente.nl/en/publications/stabilisation-of-low-density-closed-cell-polyethylene-foam/,10.3990/1.9789036514637,https://research.utwente.nl/files/6077407/t000001c.pdf,,,,"Low density, closed cell polyethylene foams show severe post-extrusion collapse when isobutane or carbon dioxide are used as physical blowing agents. The crystalline character of this layer was revealed by X-ray diffraction."
Nico F.A. van der Vegt,1998-01-01,Molecular dynamics simulations of sorption and diffusion in rubbery and glassy polymers,simulation,Twente,,,,,,,
J.J. Krol,1997-08-29,Monopolar and bipolar ion exchange membranes,ion-exchange membranes; membranes,Twente,https://research.utwente.nl/en/publications/monopolar-and-bipolar-ion-exchange-membranes/,10.3990/1.9789036509862,https://research.utwente.nl/files/6077476/t0000002.pdf,,,,
Aaltje Bos,1996-12-13,High pressure CO2/CH4 separation with glassy polymer membranes: aspects of CO2-induced plasticization,membranes; polymers,Twente,https://research.utwente.nl/en/publications/high-pressure-cosub2subchsub4sub-separation-with-glassy-polymer-m/,10.3990/1.9789036509053,https://research.utwente.nl/files/255319481/thesis_A_Bos.pdf,,,,
Marie Christiana Wijers,1996-12-06,"Supported liquid membranes for removal of heavy metals: permeability, selectivity and stability",membranes,Twente,,10.3990/1.9789036508940,,,,,
Petrus Cornelis van der Heijden,1973-08-16,A DSC-study on the demixing of binary polymer solutions,polymers,Twente,,10.3990/1.9789036516463,,,,,
Jonathan Nathaniel Barsema,1972-06-20,"Carbon Membranes Precursor, Preparation And Functionalization",membranes,Twente,,,,,,,
Thomas Harlacher,,Membrane separation processes for argon plasma gas recovery,membranes; plasma; simulation,RWTH,https://publications.rwth-aachen.de/record/229064,,,,,,In the gas permeation unit the carbon dioxide and hydrogen resulting from the water gas shift have to be separated.
Marco Scholz,,Membrane based biogas upgrading processes,membranes; gas separation; hollow fiber membranes; simulation,RWTH,https://publications.rwth-aachen.de/record/229347,,,,,,"Thus, upgrading of biogas which is the separation of carbon dioxide from the methane rich gas is more efficient and the product gas can be injected in the natural gas grid."
Kurt Kugler,,Electrochemical nitrogen reduction for ammonia synthesis,nitrogen reduction; electrochemistry,RWTH,https://publications.rwth-aachen.de/record/572765,,,,,,"To answer the question if an electrochemical NH3 synthesis process can compete with the state-of-the-art Haber process, a complete synthesis process with N2 production via air separation, NH3 synthesis in an ecMR and downstream product separation was modelled and optimized in Aspen+. For the ecMR a new model was developed in Aspen Custom…"
