include,publication_number,title,inventor,assignee,priority_date,filing_date,publication_date,grant_date,language,family_country_status,snippet,google_patents_url,query_hit,notes
,WO2026087555A1,"Method for producing planar, porous hydrogels by means of flow lithography",Matthias Wessling,Dwi - Leibniz-Institut Für Interaktive Materialien E.V.,2024-10-25,2025-10-22,2026-04-30,,en,WO=ACTIVE;DE=ACTIVE,"The present invention is in the technical field of additive manufacturing and provides a continuous method for producing planar, porous hydrogels and structures. The present invention also provides an apparatus for the continuous production of hydrogels.",https://patents.google.com/patent/WO2026087555A1/en,inventor=Matthias+Wessling,
,DE102024131256A1,"METHOD FOR THE PRODUCTION OF PLANAR, POROUS HYDROGELS BY FLOW LITHOGRAPHY",Matthias Wessling,Dwi - Leibniz-Institut Für Interaktive Materialien E.V.,2024-10-25,2024-10-25,2026-04-30,,en,WO=ACTIVE;DE=ACTIVE,"The present invention lies in the technical field of additive manufacturing and provides a continuous process for producing planar, porous hydrogels and structures. The present invention also provides a device for the continuous production of hydrogels.",https://patents.google.com/patent/DE102024131256A1/en,"inventor=""Matthias Wessling""",
,WO2026078023A1,"Method for producing polyelectrolyte complex membranes for ultrafiltration, ...",Matthias Wessling,"Rheinisch-Westfälische Technische Hochschule Aachen, abgekürzt RWTH Aachen, ...",2024-10-11,2025-10-08,2026-04-16,,en,WO=ACTIVE;DE=ACTIVE,"The present invention relates to the field of membrane materials and provides methods for producing membranes for ultrafiltration, microfiltration and nanofiltration without the use of toxic solvents. Furthermore, the present invention provides such new membrane materials with improved stability ...",https://patents.google.com/patent/WO2026078023A1/en,inventor=Matthias+Wessling,
,DE102024129531A1,Method for the production of polyelectrolyte complex membranes for ...,Matthias Wessling,"Rheinisch-Westfälische Technische Hochschule Aachen, abgekürzt RWTH Aachen, ...",2024-10-11,2024-10-11,2026-04-16,,en,WO=ACTIVE;DE=ACTIVE,"The present invention relates to membrane materials and provides methods for producing membranes for ultrafiltration, microfiltration, and nanofiltration without the use of toxic solvents. Furthermore, the present invention provides such novel membrane materials with improved stability compared to ...",https://patents.google.com/patent/DE102024129531A1/en,"inventor=""Matthias Wessling""",
,WO2025242425A1,Switchable electrode arrangement,Matthias Wessling,"Rheinisch-Westfälische Technische Hochschule Aachen, abgekürzt RWTH Aachen, ...",2024-05-21,2025-05-05,2025-11-27,,en,WO=ACTIVE;DE=ACTIVE,"The present invention relates to an electrode arrangement (10) for an electrochemical cell, the electrode arrangement having at least a first electrode (14) and a second electrode (16), the first electrode (14) and the second electrode (16) being operable with the same polarity, the first ...",https://patents.google.com/patent/WO2025242425A1/en,inventor=Matthias+Wessling,
,DE102024114129A1,Switchable electrode arrangement,Matthias Wessling,"Rheinisch-Westfälische Technische Hochschule Aachen, abgekürzt RWTH Aachen, ...",2024-05-21,2024-05-21,2025-11-27,,en,WO=ACTIVE;DE=ACTIVE,"The present invention relates to an electrode arrangement (10) for an electrochemical cell, wherein the electrode arrangement comprises at least one first electrode (14) and one second electrode (16), wherein the first electrode (14) and the second electrode (16) can be operated in the same ...",https://patents.google.com/patent/DE102024114129A1/en,"inventor=""Matthias Wessling""",
,WO2025061540A1,Electrochemical hydrogen compressor,Matthias Wessling,"Rheinisch-Westfälische Technische Hochschule Aachen, abgekürzt RWTH Aachen, ...",2023-09-19,2024-09-11,2025-03-27,,en,WO=ACTIVE;DE=ACTIVE,"The invention relates to an electrochemical hydrogen compressor (1) comprising at least one compressor unit (4), wherein an electrode arrangement (4c, 4d, 4e) which is disposed between two gas flow regions (4a, 4b) in the at least one compressor unit (4) comprises a gas-tight proton-permeable ...",https://patents.google.com/patent/WO2025061540A1/en,inventor=Matthias+Wessling,
,DE102023125255A1,Electrochemical hydrogen compressor,Matthias Wessling,"Rheinisch-Westfälische Technische Hochschule Aachen, abgekürzt RWTH Aachen, ...",2023-09-19,2023-09-19,2025-03-20,,en,WO=ACTIVE;DE=ACTIVE,"The invention relates to an electrochemical hydrogen compressor (1) comprising at least one compressor unit (4), wherein in the at least one compressor unit (4) between two gas flow regions (4a, 4b) an electrode arrangement (4c, 4d, 4e) is arranged, which comprises a gas-tight, proton-permeable ...",https://patents.google.com/patent/DE102023125255A1/en,"inventor=""Matthias Wessling""",
,EP4497494A1,Sma-blended membranes for immobilizing functional molecules,Matthias Wessling,Gambro Lundia AB,2023-07-24,2023-07-24,2025-01-29,,en,WO=ACTIVE;EP=ACTIVE;CN=ACTIVE,"The present disclosure relates to polysulfone, polyethersulfone or polyarylethersulfone based membranes for use in extracorporeal blood treatment applications comprising a blend of (i) a polysulfone (PS), a polyethersulfone (PES) or a polyarylethersulfone (PAES); (ii) a polyvinylpyrrolidone (PVP); ...",https://patents.google.com/patent/EP4497494A1/en,"inventor=Matthias+Wessling | inventor=""Matthias Wessling""",
,DE102023106667A1,Device for carrying out at least one local polymerization process of a ...,Matthias Wessling,Xolo Gmbh,2023-03-16,2023-03-16,2024-09-19,,en,WO=NOT_ACTIVE;DE=ACTIVE,"Device (1) for carrying out at least one local polymerization process of a polymerizable material for the continuous additive production of at least one three-dimensional object (2) by means of multiphoton photopolymerization, wherein the device (1) comprises: at least one container (3) which ...",https://patents.google.com/patent/DE102023106667A1/en,"inventor=Matthias+Wessling | inventor=""Matthias Wessling""",
,WO2024023237A1,Method for producing polyvinylidene fluoride in a membrane reactor,Matthias Wessling,Rheinisch-Westfälische Technische Hochschule (Rwth) Aachen,2022-07-28,2023-07-27,2024-02-01,,en,WO=NOT_ACTIVE;EP=ACTIVE;US=ACTIVE;CN=ACTIVE;DE=ACTIVE,"The present invention relates to a method for producing polyvinylidene fluoride with polymerization of vinylidene fluoride, in particularly using a polymerization reactor that comprises a membrane.",https://patents.google.com/patent/WO2024023237A1/en,"inventor=Matthias+Wessling | inventor=""Matthias Wessling""",EP family member EP4561744A1 (already on website)
,US20250041805A1,Method for increasing the selectivity of a membrane,Matthias Wessling,Gambro Lundia Ab,2021-12-21,2022-12-16,2025-02-06,,en,WO=NOT_ACTIVE;EP=ACTIVE;US=ACTIVE;CN=ACTIVE;JP=ACTIVE;KR=ACTIVE;AU=ACTIVE,"The disclosure relates to a method for improving the selectivity of a membrane, specifically of a membrane comprising a blend of i) a polysulfone, polyethersulfone or polyarylethersulfone and ii) polyvinylpyrrolidone, characterized in that the membrane is coated with polydopamine and heparin in a ...",https://patents.google.com/patent/US20250041805A1/en,"inventor=Matthias+Wessling | inventor=""Matthias Wessling""",
,WO2023275302A1,Method of additive manufacture of porous gas-permeable shaped bodies having ...,Matthias Wessling,Rheinisch-Westfälische Technische Hochschule (Rwth) Aachen,2021-06-30,2022-06-30,2023-01-05,,en,WO=NOT_ACTIVE;EP=ACTIVE;US=ACTIVE;CN=ACTIVE;KR=ACTIVE;DE=ACTIVE;IL=UNKNOWN,"The invention relates to a method of additive manufacture of porous gas-permeable shaped bodies via selective laser sintering of a polymer powder, comprising the steps of: a) providing a layer of a polymer powder within a build space; b) heating the polymer powder bed to a temperature of not less ...",https://patents.google.com/patent/WO2023275302A1/en,"inventor=Matthias+Wessling | inventor=""Matthias Wessling""",
,EP3981505B1,Membrane with immobilized anticoagulant and process for producing same,Matthias Wessling,Gambro Lundia AB,2020-10-12,2020-10-12,2024-11-27,2024-11-27,en,WO=NOT_ACTIVE;EP=ACTIVE;US=ACTIVE;CN=ACTIVE;JP=ACTIVE;KR=ACTIVE;AU=ACTIVE;CA=ACTIVE,"A porous hollow fiber membrane having an anticoagulant immobilized thereon; the membrane comprising a blend of i) a polysulfone, polyethersulfone or polyarylethersulfone; ii) a polyvinylpyrrolidone; and iii) a chitosan. The membrane of claim 1, wherein the anticoagulant is a glycosaminoglycan. The ...",https://patents.google.com/patent/EP3981505B1/en,"inventor=""Matthias Wessling""",
,WO2022078785A1,Membrane with immobilized anticoagulant and process for producing same,Matthias Wessling,Gambro Lundia Ab,2020-10-12,2021-10-04,2022-04-21,,en,WO=NOT_ACTIVE;EP=ACTIVE;US=ACTIVE;CN=ACTIVE;JP=ACTIVE;KR=ACTIVE;AU=ACTIVE;CA=ACTIVE,The present disclosure relates to an anticoagulant-coated microporous hollow fiber membrane showing reduced thrombo- genicity. The disclosure further relates to a method for producing the membrane and a filtration and/or diffusion device comprising the membrane.,https://patents.google.com/patent/WO2022078785A1/en,inventor=Matthias+Wessling,
,EP4192899C0,Method for producing conductive PEDOT:PSS particles,Matthias Wessling,Rwth Aachen,2020-08-10,2021-08-10,2025-05-21,,en,WO=NOT_ACTIVE;EP=ACTIVE;US=ACTIVE;CN=ACTIVE;DE=NOT_ACTIVE,,https://patents.google.com/patent/EP4192899C0/en,inventor=Matthias+Wessling,
,WO2022034082A1,Method for producing conductive pedot:pss particles,Matthias Wessling,Rheinisch-Westfälische Technische Hochschule (Rwth) Aachen,2020-08-10,2021-08-10,2022-02-17,,en,WO=NOT_ACTIVE;EP=ACTIVE;US=ACTIVE;CN=ACTIVE;DE=NOT_ACTIVE,"The present invention relates to a method for producing poly(3,4-ethylenedioxythiophene) polystyrene sulfonate (PEDOT:PSS) particles, at least comprising the steps: a) providing a mixture comprising poly(3,4-ethylenedioxythiophene) and polystyrene sulfonate in a solvent at least comprising water;",https://patents.google.com/patent/WO2022034082A1/en,"inventor=""Matthias Wessling""",
,US12458928B2,Method for producing a polyelectrolyte complex membrane,Matthias Wessling,Dwi—Leibniz-Institut Fur Interaktive Materialien E.V.,2020-06-05,2021-06-02,2025-11-04,2025-11-04,en,WO=NOT_ACTIVE;EP=ACTIVE;US=ACTIVE;CN=NOT_ACTIVE;KR=NOT_ACTIVE,"The present invention relates to a method for producing a polyelectrolyte complex (PEC) membrane having a predetermined porosity via salt dilution induced phase separation, in which a liquid polymer solution (P) containing polyanions (A) and polycations (C) dissolved in an aqueous medium at an ...",https://patents.google.com/patent/US12458928B2/en,inventor=Matthias+Wessling,
,EP4161687C0,METHOD FOR THE PRODUCTION OF POLYELECTROLYTE COMPLEX MEMBRANES,Matthias Wessling,Dwi Leibniz Institut Fuer Interaktive Mat E V,2020-06-05,2021-06-02,2024-04-17,,en,WO=NOT_ACTIVE;EP=ACTIVE;US=ACTIVE;CN=NOT_ACTIVE;KR=NOT_ACTIVE,,https://patents.google.com/patent/EP4161687C0/en,"inventor=""Matthias Wessling""",
,US12319900B2,Integral gas-introduction and stirring unit for gas-liquid reactors,Matthias Wessling,Rheinisch-Westfälische Technische Hochschule (Rwth) Aachen,2020-01-31,2021-01-29,2025-06-03,2025-06-03,en,WO=NOT_ACTIVE;EP=ACTIVE;US=ACTIVE;CN=ACTIVE;JP=ACTIVE;KR=ACTIVE;CA=ACTIVE;DE=NOT_ACTIVE,"A gassing unit for bubble-free introduction of process gas into a liquid in a reactor, wherein the gassing unit includes at least: first and second spaced apart gas receiving chambers, the two gas receiving chambers connected to one another via at least two two-dimensional, gas-conducting ...",https://patents.google.com/patent/US12319900B2/en,"inventor=""Matthias Wessling""",
,WO2021152128A1,Integral gas-introduction and stirring unit for gas-liquid reactors,Matthias Wessling,Rheinisch-Westfälische Technische Hochschule (Rwth) Aachen,2020-01-31,2021-01-29,2021-08-05,,en,WO=NOT_ACTIVE;EP=ACTIVE;US=ACTIVE;CN=ACTIVE;JP=ACTIVE;KR=ACTIVE;CA=ACTIVE;DE=NOT_ACTIVE,The invention relates to a gas-introduction unit for introducing a process gas into a liquid located in a reactor without producing bubbles. The gas-introduction unit at least comprises: - a first gas receiving chamber and a second gas receiving chamber at a distance therefrom for receiving a ...,https://patents.google.com/patent/WO2021152128A1/en,inventor=Matthias+Wessling,
,EP3866957C0,METHOD FOR PRODUCING THE MEMBRANE SYSTEM,Matthias Wessling,Dwi Leibniz Institut Fuer Interaktive Mat E V,2019-10-16,2020-10-14,2024-07-24,,en,WO=NOT_ACTIVE;EP=ACTIVE;CN=ACTIVE;KR=ACTIVE,,https://patents.google.com/patent/EP3866957C0/en,inventor=Matthias+Wessling,
,EP3946701B1,Method for the manufacture of a membrane system,Matthias Wessling,DWI - Leibniz-Institut für Interaktive Materialien e.V.,2019-10-16,2020-10-14,2023-06-07,2023-06-07,en,WO=NOT_ACTIVE;EP=ACTIVE;CN=ACTIVE;KR=ACTIVE,"A method for forming a membrane system having the form of a flat sheet or a tube, including (a) a porous membrane formed from at least one first polymer; and (b) particles of at least one second polymer different from the first polymer, wherein the porous membrane (a) has the particles (b) ...",https://patents.google.com/patent/EP3946701B1/en,"inventor=Matthias+Wessling | inventor=""Matthias Wessling""",
,WO2021074235A1,"Membrane system, spinneret for manufacturing the membrane system, device ...",Matthias Wessling,Dwi - Leibniz-Institut Für Interaktive Materialien E.V.,2019-10-16,2020-10-14,2021-04-22,,en,WO=NOT_ACTIVE;EP=ACTIVE;CN=ACTIVE;KR=ACTIVE,"The present invention relates to a membrane system including a hollow fiber membrane and static mixer separately arranged within the hollow portion of the hollow fiber membrane, a spinneret for manufacturing the membrane system, a device including the spinneret and a method for forming the ...",https://patents.google.com/patent/WO2021074235A1/en,"inventor=""Matthias Wessling""",
,EP3877341B1,Electrochemical module comprising a flexible membrane-electrode assembly,Matthias Wessling,DWI - Leibniz-Institut für Interaktive Materialien e.V.,2018-11-05,2019-10-09,2022-06-29,2022-06-29,en,WO=NOT_ACTIVE;EP=ACTIVE;CN=ACTIVE;KR=ACTIVE,"An electrochemical and/or flow-electrode capacitive deionization module for continuous liquid desalination and/or selective separation and/or concentration and/or recombination of ions from liquids and/or energy storage and/or electrochemical reactions in liquids/electrosynthesis, comprising: an ...",https://patents.google.com/patent/EP3877341B1/en,"inventor=Matthias+Wessling | inventor=""Matthias Wessling""",
,US20200276539A1,Filter device having a flow fitting,Matthias Wessling,Sartorius Stedim Biotech Gmbh,2017-09-25,2018-09-17,2020-09-03,,en,WO=NOT_ACTIVE;EP=ACTIVE;US=NOT_ACTIVE,"A filter device ( 10 ), in particular for a tangential flow filtration device, has at least one fluid inlet ( 22 ), at least one retentate outlet ( 24 ) and at least one permeate outlet ( 26 ). The filter device ( 10 ) further has at least one membrane ( 16 ) which separates a retentate section ( 18 ) from a ...",https://patents.google.com/patent/US20200276539A1/en,"inventor=""Matthias Wessling""",
,WO2019057652A1,FILTER DEVICE WITH FLOW INSTALLATION,Matthias Wessling,Sartorius Stedim Biotech Gmbh,2017-09-25,2018-09-17,2019-03-28,,en,WO=NOT_ACTIVE;EP=ACTIVE;US=NOT_ACTIVE,"A filter device (10), in particular for a tangential flow filtration device, comprises at least one fluid inlet (22), at least one retentate outlet (24) and at least one permeate outlet (26). The filter device (10) further comprises at least one membrane (16) which separates a retentate section ( ...",https://patents.google.com/patent/WO2019057652A1/en,inventor=Matthias+Wessling,
,US11261109B2,"Single module, flow-electrode apparatus and method for continous water ...",Matthias Wessling,Dwi—Leibniz-Institut Fur Interaktive Materialien E.V.,2015-01-16,2016-01-15,2022-03-01,2022-03-01,en,WO=NOT_ACTIVE;EP=ACTIVE;US=ACTIVE;CN=ACTIVE,"The present invention relates to a single module, flow-electrode apparatus for continuous water desalination, ion separation and selective ion removal and concentration by capacitive deionization, comprising: a first current collector ( 1 ), a first compartment ( 1 ′) for a flow electrode, a first ion ...",https://patents.google.com/patent/US11261109B2/en,"inventor=Matthias+Wessling | inventor=""Matthias Wessling""",
,US20160293963A1,Oxygen-vanadium redox flow battery with vanadium electrolyte having carbon ...,Matthias Wessling,Dwi An Der Rwth Aachen E.V.,2013-11-22,2014-11-21,2016-10-06,,en,WO=NOT_ACTIVE;EP=NOT_ACTIVE;US=NOT_ACTIVE;CN=ACTIVE;KR=NOT_ACTIVE,The present invention relates to an oxygen-vanadium redox flow battery with vanadium electrolyte having carbon particles dispersed therein.,https://patents.google.com/patent/US20160293963A1/en,"inventor=Matthias+Wessling | inventor=""Matthias Wessling""",
,EP3022785B1,Microtubes made of carbon nanotubes,Matthias Wessling,DWI an der RWTH Aachen e.V.,2013-07-16,2014-07-14,2018-09-26,2018-09-26,en,WO=NOT_ACTIVE;EP=ACTIVE;US=NOT_ACTIVE;CN=ACTIVE;KR=ACTIVE,"A process for fabricating a stand alone, self-supporting microtube made of carbon nanotubes or composites based on carbon nanotubes, wherein the microtube has an outer diameter in the range of 500 to 5000 µm and a wall thickness in the range of 50 to 1000 µm, comprising either filtration of a ...",https://patents.google.com/patent/EP3022785B1/en,"inventor=Matthias+Wessling | inventor=""Matthias Wessling""",
,EP2996794B1,Control of the gas composition of a gas separating plant with membranes,Matthias Wessling,Evonik Fibres GmbH,2013-05-15,2014-04-28,2018-09-26,2018-09-26,en,WO=NOT_ACTIVE;EP=ACTIVE,"Apparatus for separating gases, comprising as membrane separation stages at least a feed stream separation stage (1) and a retentate separation stage (2) and also at least one compressor (4) arranged on the feed side of the feed stream separation stage (1) and/or at least one, preferably one or ...",https://patents.google.com/patent/EP2996794B1/en,"inventor=Matthias+Wessling | inventor=""Matthias Wessling""",
,US20130216923A1,Electro-catalyst,Matthias Wessling,Magneto Special Anodes B.V.,2010-07-28,2011-06-23,2013-08-22,,en,WO=NOT_ACTIVE;EP=NOT_ACTIVE;US=NOT_ACTIVE;CN=ACTIVE;KR=NOT_ACTIVE,"The present invention relates to an electro-catalyst M′ a IrbM c , wherein M′ is selected from the group consisting of Pt, Ta and Ru, and wherein the molar ratio a:b is within the range of 85:15 to 50:50 and the molar ratio a:c is within the range of 50:50 to 95:5, both calculated as pure metal and ...",https://patents.google.com/patent/US20130216923A1/en,inventor=Matthias+Wessling,
,EP2599149A1,Electro-catalyst,Matthias Wessling,Magneto Special Anodes B.V.,2010-07-28,2011-06-23,2013-06-05,,en,WO=NOT_ACTIVE;EP=NOT_ACTIVE;US=NOT_ACTIVE;CN=ACTIVE;KR=NOT_ACTIVE,"The present invention relates to an electro-catalyst M' a Ir b M c , wherein M' is selected from the group consisting of Pt, Ta and Ru, and wherein the molar ratio a : b is within the range of 85 : 15 to 50 : 50 and the molar ratio a : c is within the range of 50 : 50 to 95 : 5, both calculated as ...",https://patents.google.com/patent/EP2599149A1/en,"inventor=""Matthias Wessling""",
,EP2542712B1,Process for manufacturing a hollow fibre membrane,Matthias Wessling,NX Filtration Holding B.V.,2010-03-05,2011-03-04,2023-09-13,2023-09-13,en,WO=NOT_ACTIVE;EP=ACTIVE;US=ACTIVE;JP=ACTIVE;KR=ACTIVE;MY=UNKNOWN;RU=ACTIVE,"A process for manufacturing a hollow fibre membrane having a supporting layer and a separating layer with a double orifice spinneret having an outer annular orifice (1) and a central annular orifice (2), said process comprising, : (a) extruding a spinning composition comprising a first polymer and ...",https://patents.google.com/patent/EP2542712B1/en,"inventor=Matthias+Wessling | inventor=""Matthias Wessling""",
,BR112012022443B1,process for the manufacture of a hollow fiber membrane having a support layer ...,Matthias Wessling,Nx Filtration Holding B.V.,2010-03-05,2011-03-04,2021-04-20,,en,BR=ACTIVE,"PROCESS FOR MANUFACTURING A HOLLOW FIBER MEMBRANE HAVING A SUPPORT LAYER AND A SEPARATION LAYER, HOLLOW FIBER MEMBRANE AND USE OF HOLLOW FIBER MEMBRANE The present invention relates to a process for manufacturing a hollow fiber membrane which it has a supporting layer and a separating layer, in ...",https://patents.google.com/patent/BR112012022443B1/en,"inventor=Matthias+Wessling | inventor=""Matthias Wessling""",
,WO2010143945A1,Method and device for membrane cleaning in electro-membrane processes,Matthias Wessling,Stichting Wetsus Centre Of Excellence For Sustainable Water Technology,2009-06-08,2010-06-03,2010-12-16,,en,WO=NOT_ACTIVE;NL=NOT_ACTIVE,The invention relates to a method for membrane cleaning and a device wherein this method can be applied. The method comprises the steps of : -operating a device for performing an electro-membrane process; and -applying inverse electrical pulses to the device. The device comprises a number of anode ...,https://patents.google.com/patent/WO2010143945A1/en,inventor=Matthias+Wessling,
,NL2002984C2,Method and device for membrane cleaning in electro-membrane processes.,Matthias Wessling,Stichting Wetsus Ct Excellence Sustainable Water Technology,2009-06-08,2009-06-08,2010-12-09,2010-12-09,en,WO=NOT_ACTIVE;NL=NOT_ACTIVE,"A method for cleaning membranes, comprising the steps of: 5. operating a device for performing an electro-membrane process; and - applying reverse electrical pulses to the device. The method of claim 1, wherein the reverse electrical pulses are applied to electrodes of the device. 3. Method ...",https://patents.google.com/patent/NL2002984C2/en,"inventor=""Matthias Wessling""",
,WO2010137974A1,Polymer composition comprising a blend of a multi-block thermoplastic elastomer ...,Matthias Wessling,Universiteit Twente,2009-05-25,2010-05-21,2010-12-02,,en,WO=NOT_ACTIVE,"The present invention relates to a polymer composition comprising a blend of a multi-block thermoplastic elastomer comprising alternating hard polymeric blocks and soft polymeric blocks, and a polymer comprising a metal of Group 14 of the Periodic System of the Elements. The present invention also ...",https://patents.google.com/patent/WO2010137974A1/en,"inventor=Matthias+Wessling | inventor=""Matthias Wessling""",
,WO2009058015A1,. high throughput screening method and apparatus for analysing interactions ...,Matthias Wessling,Universiteit Twente,2007-11-02,2008-10-31,2009-05-07,,en,WO=NOT_ACTIVE;EP=NOT_ACTIVE;US=NOT_ACTIVE;CN=ACTIVE;JP=ACTIVE;AU=NOT_ACTIVE;CA=NOT_ACTIVE,The invention is directed to a high throughput screening method for analysing and interaction between a surface of a material and an environment. The screening method of the invention comprises: providing a micro-array comprising said material and having a multitude of units at least part of which ...,https://patents.google.com/patent/WO2009058015A1/en,"inventor=Matthias+Wessling | inventor=""Matthias Wessling""",
,EP2136905B1,Ion-permeable membrane and its manufacture,Matthias Wessling,FUMATECH BWT GmbH,2007-04-10,2008-04-10,2017-05-31,2017-05-31,en,WO=NOT_ACTIVE;EP=ACTIVE;US=NOT_ACTIVE;JP=ACTIVE,"Method for production of an ion-permeable membrane, in particular an ion-exchange membrane, which has at least one profiled surface, wherein a shaping element is brought into contact with an uncured polymer film which contains at least one polymer, generating a preferably regular pattern of ...",https://patents.google.com/patent/EP2136905B1/en,"inventor=Matthias+Wessling | inventor=""Matthias Wessling""",
,US20090217819A1,Gas separation membranes comprising permeability enhancing additives,Matthias Wessling,Matthias Wessling,2006-03-15,2007-03-14,2009-09-03,,en,WO=NOT_ACTIVE;EP=ACTIVE;US=NOT_ACTIVE;AT=NOT_ACTIVE;DE=ACTIVE,"The present invention relates to polymer compositions comprising a (co)polymer comprising (a) an arylene oxide moiety and (b) a dendritic (co)polymer, a hyperbranched (co)polymer or a mixture thereof, and the use of these polymer compositions as membrane materials for the separation of gases. The ...",https://patents.google.com/patent/US20090217819A1/en,"inventor=""Matthias Wessling""",
,EP2021412A1,Gas separation membranes comprising permeability enhancing additives,Matthias Wessling,Stichting Voor De Technische Wetenschappen,2006-03-15,2007-03-14,2009-02-11,,en,WO=NOT_ACTIVE;EP=ACTIVE;US=NOT_ACTIVE;AT=NOT_ACTIVE;DE=ACTIVE,"The present invention relates to polymer compositions comprising a (co)polymer comprising (a) an arylene oxide moiety and (b) a dendritic (co)polymer, a hyperbranched (co)polymer or a mixture thereof, and the use of these polymer compositions as membrane materials for the separation of gases. The ...",https://patents.google.com/patent/EP2021412A1/en,inventor=Matthias+Wessling,
,DE602006013327D1,BIOLOGICAL FUEL CELL,Matthias Wessling,Magneto Special Anodes B V,2005-07-15,2006-07-11,2010-05-12,,en,WO=NOT_ACTIVE;EP=ACTIVE;AT=NOT_ACTIVE;DE=ACTIVE;DK=ACTIVE;NL=NOT_ACTIVE,"The invention concerns a biological fuel cell. The biological fuel cell comprises a number of cathode compartments, provided with a cathode; a number of anode compartments, provided with a anode; and a partition wall separating the cathode- and anode compartments. The biological fuel cell is ...",https://patents.google.com/patent/DE602006013327D1/en,inventor=Matthias+Wessling,Likely national validation/translation of a family member — keep one representative per family if desired
,NL1029544C2,Biological fuel cell.,Matthias Wessling,Magneto Special Anodes B V,2005-07-15,2005-07-15,2007-01-16,2007-01-16,en,WO=NOT_ACTIVE;EP=ACTIVE;AT=NOT_ACTIVE;DE=ACTIVE;DK=ACTIVE;NL=NOT_ACTIVE,"The invention concerns a biological fuel cell. The biological fuel cell comprises a number of cathode compartments, provided with a cathode; a number of anode compartments, provided with a anode; and a partition wall separating the cathode- and anode compartments. The biological fuel cell is ...",https://patents.google.com/patent/NL1029544C2/en,"inventor=""Matthias Wessling""",
,US20070241058A1,Method for monitoring the degree of fouling of a filter,Matthias Wessling,Norit Membraan Technologie B.V.,2004-09-16,2007-03-15,2007-10-18,,en,WO=NOT_ACTIVE;EP=ACTIVE;US=ACTIVE;CN=ACTIVE;JP=ACTIVE;KR=ACTIVE;AU=ACTIVE;CA=ACTIVE;ES=NOT_ACTIVE;NL=NOT_ACTIVE;ZA=UNKNOWN,"A method of filtering a fluid wherein after filtering a contaminated fluid, which causes the formation of a filter cake, a substantially non-contaminated fluid is fed through the filter cake and filter at varying flux or at varying driving force. At the same time the necessary driving force or the ...",https://patents.google.com/patent/US20070241058A1/en,"inventor=Matthias+Wessling | inventor=""Matthias Wessling""",
,EP1781845B1,Functional porous multilayer fibre and its preparation,Matthias Wessling,Mosaic Systems B.V.,2004-08-17,2005-08-17,2010-12-15,2010-12-15,en,WO=NOT_ACTIVE;EP=ACTIVE;US=NOT_ACTIVE;CN=ACTIVE;JP=ACTIVE;AT=NOT_ACTIVE;CA=NOT_ACTIVE;DE=NOT_ACTIVE,"The invention relates to a hollow or solid fibre having multiple porous layers concentrically arranged, and wherein at least one of the layers comprises functionalized or active particles that are well accessible and maintain their function after preparation. The layer containing high loads of ...",https://patents.google.com/patent/EP1781845B1/en,"inventor=Matthias+Wessling | inventor=""Matthias Wessling""",
,US7644825B2,Membrane and use thereof,Matthias Wessling,Gambro Lundia Ab,2002-11-30,2003-10-17,2010-01-12,2010-01-12,en,WO=NOT_ACTIVE;EP=ACTIVE;US=ACTIVE;CN=ACTIVE;JP=ACTIVE;KR=ACTIVE;AT=NOT_ACTIVE;AU=NOT_ACTIVE;DE=NOT_ACTIVE;ES=NOT_ACTIVE,"The membrane producible by shaping a polymer blend or a block copolymer comprising blocks of monomer units, loading the polymer blend or block copolymer with a blowing gas concentration within the polymer blend or block polymer above a critical concentration at a temperature below a critical ...",https://patents.google.com/patent/US7644825B2/en,"inventor=Matthias+Wessling | inventor=""Matthias Wessling""",
,CY1114296T1,METHOD FOR PREPARING OPTICAL FIBER,Matthias Wessling,Neokidney Holding B.V.,2002-06-28,2013-07-05,2016-08-31,,en,WO=NOT_ACTIVE;EP=ACTIVE;US=ACTIVE;CN=ACTIVE;JP=ACTIVE;AU=NOT_ACTIVE;CA=ACTIVE;CY=UNKNOWN;DK=ACTIVE;ES=NOT_ACTIVE;PT=UNKNOWN;SI=UNKNOWN,"The invention relates to a process for the preparation of porous polymeric fibers, which contain activated or reactive particles. By extruding a mixture of one or more dissolved polymers with particulate material, a porous fiber is obtained in which the particulate material is trapped. The ...",https://patents.google.com/patent/CY1114296T1/en,"inventor=Matthias+Wessling | inventor=""Matthias Wessling""",Likely national validation/translation of a family member — keep one representative per family if desired
,AU2003230463A1,Separation of unsaturated hydrocarbons from a fluid mixture,Matthias Wessling,Nederlandse Organisatie Voor Toegepast- Natuurwetenschappelijk Onderzoek Tno,2002-06-28,2003-05-08,2004-01-19,,en,WO=NOT_ACTIVE;EP=NOT_ACTIVE;AU=NOT_ACTIVE,,https://patents.google.com/patent/AU2003230463A1/en,"inventor=Matthias+Wessling | inventor=""Matthias Wessling""",Likely national validation/translation of a family member — keep one representative per family if desired
,US7531120B2,Method of making a product with a micro or nano sized structure and product,Matthias Wessling,Aquamarijn Holding B.V.,2000-12-02,2001-12-03,2009-05-12,2009-05-12,en,WO=NOT_ACTIVE;EP=ACTIVE;US=ACTIVE;AT=NOT_ACTIVE;AU=NOT_ACTIVE;DE=NOT_ACTIVE;NL=NOT_ACTIVE,"Using phase separation technique perforated as well as non-perforated polymeric structures can be made with high aspect ratios (>5). By varying the phase separation process the properties (e.g. porous, non-porous, dense, open skin) of the moulded product can be tuned. Applications are described in ...",https://patents.google.com/patent/US7531120B2/en,"inventor=Matthias+Wessling | inventor=""Matthias Wessling""",
,EP1299462A1,Membrane and the use thereof,Matthias Wessling,Universität Twente,2000-07-08,2001-06-15,2003-04-09,,en,WO=NOT_ACTIVE;EP=ACTIVE;US=ACTIVE;JP=ACTIVE;AT=NOT_ACTIVE;AU=NOT_ACTIVE;DE=NOT_ACTIVE;ES=NOT_ACTIVE,"The invention relates to a membrane that consists of a polymer or a polymer mixture. The aim of the invention is to produce membranes, especially planar membranes or hollow fiber membranes that have an as high a separation efficiency as possible while simultaneously having a high membrane ...",https://patents.google.com/patent/EP1299462A1/en,inventor=Matthias+Wessling,
,WO2002004554A1,Membrane and the use thereof,Matthias Wessling,Universität Twente,2000-07-08,2001-06-15,2002-01-17,,en,WO=NOT_ACTIVE;EP=ACTIVE;US=ACTIVE;JP=ACTIVE;AT=NOT_ACTIVE;AU=NOT_ACTIVE;DE=NOT_ACTIVE;ES=NOT_ACTIVE,"The invention relates to a membrane that consists of a polymer or a polymer mixture. The aim of the invention is to produce membranes, especially planar membranes or hollow fiber membranes that have an as high a separation efficiency as possible while simultaneously having a high membrane ...",https://patents.google.com/patent/WO2002004554A1/en,"inventor=""Matthias Wessling""",
,ATE244055T1,MEMBRANE AND THEIR USE,Matthias Wessling,Univ Twente,1999-02-24,2000-01-05,2003-07-15,2003-07-15,en,WO=NOT_ACTIVE;EP=ACTIVE;CN=ACTIVE;JP=ACTIVE;KR=ACTIVE;AT=NOT_ACTIVE;AU=NOT_ACTIVE;DE=NOT_ACTIVE;ES=NOT_ACTIVE,"The invention relates to a membrane that is produced by shaping a polymer or a polymer blend into the desired shape, charging it with a gas at hyperbaric pressure prior or after shaping it, expanding the polymer charged with gas above the glass transition temperature of the polymer/gas mixture and ...",https://patents.google.com/patent/ATE244055T1/en,inventor=Matthias+Wessling,Likely national validation/translation of a family member — keep one representative per family if desired
,AU2435100A,Membrane and its use,Matthias Wessling,Universitat Twente,1999-02-24,2000-01-05,2000-09-14,,en,WO=NOT_ACTIVE;EP=ACTIVE;CN=ACTIVE;JP=ACTIVE;KR=ACTIVE;AT=NOT_ACTIVE;AU=NOT_ACTIVE;DE=NOT_ACTIVE;ES=NOT_ACTIVE,"The invention relates to a membrane that is produced by shaping a polymer or a polymer blend into the desired shape, charging it with a gas at hyperbaric pressure prior or after shaping it, expanding the polymer charged with gas above the glass transition temperature of the polymer/gas mixture and ...",https://patents.google.com/patent/AU2435100A/en,"inventor=""Matthias Wessling""",Likely national validation/translation of a family member — keep one representative per family if desired
,ES2183560T3,PREPARATION OF AN ORGANIC COMPOUND FOR A CONDENSATION RACTION.,Matthias Wessling,Akzo Nobel Nv,1998-05-20,1999-05-15,2003-03-16,2003-03-16,en,WO=NOT_ACTIVE;EP=ACTIVE;US=NOT_ACTIVE;JP=NOT_ACTIVE;AT=NOT_ACTIVE;DE=NOT_ACTIVE;ES=NOT_ACTIVE;NL=NOT_ACTIVE,"A process for the preparation of an organic compound by a condensation reaction in which in addition to the organic compound, other products are formed and one or more of the products formed during the preparation are extracted from the reaction mixture with the aid of a membrane , characterized ...",https://patents.google.com/patent/ES2183560T3/en,"inventor=Matthias+Wessling | inventor=""Matthias Wessling""",Likely national validation/translation of a family member — keep one representative per family if desired
,US5711882A,Gas separation membrane module and process,Matthias Wessling,"Membrane Technology And Research, Inc.",1995-09-29,1995-09-29,1998-01-27,1998-01-27,en,US=NOT_ACTIVE,"A spiral-wound, gas-separation membrane module and a gas-separation process. The module and process provide at least partial counter-current flow between the feed and permeate gas streams without requiring a permeate sweep. The counter-current flow pattern can be achieved by appropriate placement ...",https://patents.google.com/patent/US5711882A/en,"inventor=Matthias+Wessling | inventor=""Matthias Wessling""",
,US5611841A,Vapor recovery process using baffled membrane module,Matthias Wessling,"Membrane Technology And Research, Inc.",1995-09-29,1995-09-29,1997-03-18,1997-03-18,en,US=NOT_ACTIVE,"A gas-separation method for controlling vapor emissions. The method employs a spiral-wound membrane module, adapted to provide one or more feed-side baffles in the feed channel. The method may be used to control vapor emissions from a volatile liquid, and is particularly useful to control fuel ...",https://patents.google.com/patent/US5611841A/en,"inventor=Matthias+Wessling | inventor=""Matthias Wessling""",
